Date,Terminal,Compagnie ,N parking,N vol,Immat,Heure,Type
23-02-2020,T1,AH,W09,6040,JK,23-02-2020 08:15,Accostage
23-02-2020,T1,DTH,W12,1903,CB,23-02-2020 08:45,Accostage
23-02-2020,T1,DTH,W08,1803,CA,23-02-2020 09:55,Accostage
23-02-2020,T1,DTH,W10A,2111,CF,23-02-2020 10:05,Accostage
23-02-2020,T1,DTH,W10A,2220,CF,23-02-2020 13:50,Accostage
23-02-2020,T1,DTH,W12,2110,CC,23-02-2020 14:25,Accostage
23-02-2020,T1,DTH,W10C,1321,CB,23-02-2020 14:45,Accostage
23-02-2020,T1,AH,W11A,6006,JU,23-02-2020 17:10,Accostage
23-02-2020,T1,AH,W09,6026,KB,23-02-2020 17:20,Accostage
23-02-2020,T1,AH,W08,6041,JK,23-02-2020 17:55,Accostage
24-02-2020,T1,AH,W12,6106,JP,24-02-2020 19:50,Accostage
24-02-2020,T1,AH,W10A,6009,JU,24-02-2020 21:00,Accostage
24-02-2020,T1,AH,W11A,6232,KA,24-02-2020 22:15,Accostage
24-02-2020,T1,AH,W09,6212,JM,24-02-2020 06:00,Accostage
24-02-2020,T1,AH,W10A,6304,JU,24-02-2020 06:05,Accostage
24-02-2020,T1,AH,W11A,6250,JG,24-02-2020 07:10,Accostage
23-02-2020,T4,DTH,W29C,3012,CT,23-02-2020 08:05,Accostage
23-02-2020,T4,TO,W19,4680,HK,23-02-2020 08:16,Accostage
23-02-2020,T4,VLG,W15,7475,KJD,23-02-2020 08:40,Accostage
23-02-2020,T4,AF,W14,1554,XL,23-02-2020 09:25,Accostage
23-02-2020,T4,AZ,W13,500,NB,23-02-2020 11:10,Accostage
23-02-2020,T4,AF,W14,9454,MD,23-02-2020 12:10,Accostage
23-02-2020,T4,BA,W15,2546,TU,23-02-2020 12:36,Accostage
23-02-2020,T4,AF,W14,1854,HN,23-02-2020 13:55,Accostage
23-02-2020,T4,AF,W15,1654,PC,23-02-2020 17:40,Accostage
24-02-2020,T4,VLG,W14,7991,MQU,24-02-2020 19:36,Accostage
24-02-2020,T4,JAF,W19,3401,AS,24-02-2020 20:40,Accostage
24-02-2020,T4,VCG,W15,7474,NAF,24-02-2020 22:50,Accostage
24-02-2020,T4,AF,W14,1354,XT,24-02-2020 23:20,Accostage
24-02-2020,T4,AZ,W13,802,OO,24-02-2020 00:12,Accostage
24-02-2020,T4,AZ,W13,803,DD,24-02-2020 04:35,Accostage
24-02-2020,T4,AF,W14,1355,XT,24-02-2020 04:38,Accostage
24-02-2020,T4,VLG,W14,7476,KDX,24-02-2020 07:30,Accostage
24-02-2020,T4,VLG,W15,7396,MJC,24-02-2020 07:35,Accostage
23-02-2020,T4,AH,W23A,1022,JQ,23-02-2020 08:05,Accostage
23-02-2020,T4,AH,W22A,1010,KJ,23-02-2020 08:20,Accostage
23-02-2020,T4,AH,W16,1070,JP,23-02-2020 08:05,Accostage
23-02-2020,T4,AH,W17,2070,KC,23-02-2020 08:10,Accostage
23-02-2020,T4,AH,W18,1036,KA,23-02-2020 08:20,Accostage
23-02-2020,T4,AH,W24B,4012,JU,23-02-2020 08:20,Accostage
23-02-2020,T4,AH,W25,2054,KG,23-02-2020 08:30,Accostage
23-02-2020,T4,AH,W22C,1025,KO,23-02-2020 08:55,Accostage
23-02-2020,T4,AH,W23C,2026,JR,23-02-2020 09:15,Accostage
23-02-2020,T4,AH,W21,3016,JU,23-02-2020 09:33,Accostage
23-02-2020,T4,AH,W16,1009,KR,23-02-2020 09:53,Accostage
23-02-2020,T4,AH,W24B,1004,JB,23-02-2020 10:20,Accostage
23-02-2020,T4,AH,W23A,1044,JU,23-02-2020 10:30,Accostage
23-02-2020,T4,AH,W13,2013,KT,23-02-2020 10:40,Accostage
23-02-2020,T4,AH,W21,1214,JA,23-02-2020 11:20,Accostage
23-02-2020,T4,AH,W22A,1231,JL,23-02-2020 11:40,Accostage
23-02-2020,T4,AH,W18,1023,JQ,23-02-2020 13:13,Accostage
23-02-2020,T4,AH,W19,2007,KLT,23-02-2020 13:57,Accostage
23-02-2020,T4,AH,W20B,1003,JC,23-02-2020 13:55,Accostage
23-02-2020,T4,AH,W24A,1037,KA,23-02-2020 14:15,Accostage
23-02-2020,T4,AH,W25B,4013,JY,23-02-2020 14:55,Accostage
23-02-2020,T4,AH,W17,2087,JK,23-02-2020 15:05,Accostage
23-02-2020,T4,AH,W23C,1011,KJ,23-02-2020 15:35,Accostage
23-02-2020,T4,AH,W15,2005,JL,23-02-2020 15:48,Accostage
23-02-2020,T4,AH,W23A,1214,JM,23-02-2020 16:10,Accostage
23-02-2020,T4,AH,W14,1008,KO,23-02-2020 16:30,Accostage
23-02-2020,T4,AH,W16,1012,KR,23-02-2020 14:30,Accostage
23-02-2020,T4,AH,W23A,2021,JQ,23-02-2020 18:09,Accostage
23-02-2020,T4,AH,W16,2059,KG,23-02-2020 17:59,Accostage
23-02-2020,T4,AH,W18,2071,KC,23-02-2020 18:02,Accostage
23-02-2020,T4,AH,W17,4017,KS,23-02-2020 18:06,Accostage
23-02-2020,T4,AH,W21,1005,JB,23-02-2020 18:28,Accostage
24-02-2020,T4,AH,W24B,3017,JV,24-02-2020 19:05,Accostage
24-02-2020,T4,AH,W20B,1215,JA,24-02-2020 19:14,Accostage
24-02-2020,T4,AH,W15,1035,KP,24-02-2020 20:23,Accostage
24-02-2020,T4,AH,W24C,1013,KR,24-02-2020 22:53,Accostage
24-02-2020,T4,AH,W25A,2367,KS,24-02-2020 01:10,Accostage
24-02-2020,T4,AH,W21B,1002,JB,24-02-2020 05:50,Accostage
24-02-2020,T4,AH,W25C,3019,KP,24-02-2020 05:30,Accostage
24-02-2020,T4,AH,W19,2012,KA,24-02-2020 06:50,Accostage
24-02-2020,T4,AH,W24A,511,KC,24-02-2020 06:55,Accostage
24-02-2020,T4,AH,W16,1036,JC,24-02-2020 07:10,Accostage
24-02-2020,T4,AH,W25A,3004,KS,24-02-2020 07:10,Accostage
24-02-2020,T4,AH,W23C,4038,KN,24-02-2020 07:30,Accostage
24-02-2020,T4,AH,W24C,1010,KR,24-02-2020 07:35,Accostage
24-02-2020,T1,DTH,W10A,1803,CB,24-02-2020 08:30,Accostage
24-02-2020,T1,TK,W01,653,HM,24-02-2020 09:30,Accostage
24-02-2020,T1,DTH,W08,1864,CD,24-02-2020 10:25,Accostage
24-02-2020,T1,AT,W04,560,NP,24-02-2020 11:55,Accostage
24-02-2020,T1,MS,W02,845,EM,24-02-2020 12:03,Accostage
24-02-2020,T1,EK,W06,757,BM,24-02-2020 12:15,Accostage
24-02-2020,T1,RT,W01,517,YT,24-02-2020 13:10,Accostage
24-02-2020,T1,QR,W04,1379,GM,24-02-2020 13:29,Accostage
24-02-2020,T1,TK,W02,651,JSU,24-02-2020 14:50,Accostage
24-02-2020,T1,TU,W01,374,MV,24-02-2020 17:40,Accostage
24-02-2020,T1,DTH,W08,1801,CB,24-02-2020 13:15,Accostage
24-02-2020,T1,DTH,W10C,2220,CT,24-02-2020 14:35,Accostage
24-02-2020,T1,AH,W08,6112,KK,24-02-2020 16:30,Accostage
24-02-2020,T1,AH,W09,6222,JK,24-02-2020 16:40,Accostage
24-02-2020,T1,AH,W12,6006,KE,24-02-2020 17:05,Accostage
24-02-2020,T1,DTH,W11A,1802,CF,24-02-2020 17:25,Accostage
24-02-2020,T1,AH,W10C,6051,JO,24-02-2020 17:30,Accostage
25-02-2020,T1,AH,W11A,6251,JQ,25-02-2020 19:30,Accostage
25-02-2020,T1,AH,W08,6146,KB,25-02-2020 22:45,Accostage
25-02-2020,T1,AH,W09,6142,KS,25-02-2020 22:35,Accostage
25-02-2020,T1,AH,W12,6230,KG,25-02-2020 22:55,Accostage
25-02-2020,T1,AH,W12,6012,JR,25-02-2020 05:00,Accostage
25-02-2020,T1,AH,W10C,6147,KB,25-02-2020 05:42,Accostage
25-02-2020,T1,AH,W10A,6212,KA,25-02-2020 06:30,Accostage
25-02-2020,T1,AH,W08,6231,KG,25-02-2020 06:40,Accostage
25-02-2020,T1,AH,W11A,6116,JH,25-02-2020 06:30,Accostage
25-02-2020,T1,AH,W10C,2050,KB,25-02-2020 07:15,Accostage
24-02-2020,T4,AF,W15,1554,HY,24-02-2020 09:30,Accostage
24-02-2020,T4,DTH,W23,3018,CF,24-02-2020 10:17,Accostage
24-02-2020,T4,ASL,W16,951,TD,24-02-2020 10:25,Accostage
24-02-2020,T4,BA,W17,2546,TU,24-02-2020 11:42,Accostage
24-02-2020,T4,LH,W15,1316,DT,24-02-2020 12:10,Accostage
24-02-2020,T4,AF,W14,1854,AB,24-02-2020 14:08,Accostage
24-02-2020,T4,AZ,W13,800,DD,24-02-2020 17:15,Accostage
24-02-2020,T4,TO,W18,4800,UE,24-02-2020 17:30,Accostage
25-02-2020,T4,VLG,W14,7991,KDX,25-02-2020 19:08,Accostage
25-02-2020,T4,AF,W15,1654,XC,25-02-2020 19:20,Accostage
25-02-2020,T4,VLG,W16,7474,MKX,25-02-2020 22:55,Accostage
25-02-2020,T4,AF,W14,1354,PG,25-02-2020 23:20,Accostage
25-02-2020,T4,AZ,W13,802,DT,25-02-2020 00:02,Accostage
25-02-2020,T4,LH,W16,1318,I,25-02-2020 00:40,Accostage
25-02-2020,T4,AF,W14,1355,PG,25-02-2020 04:40,Accostage
25-02-2020,T4,AZ,W13,803,DI,25-02-2020 04:45,Accostage
25-02-2020,T4,VLG,W15,7476,VKX,25-02-2020 07:40,Accostage
24-02-2020,T4,AH,W18,1044,JP,24-02-2020 08:10,Accostage
24-02-2020,T4,AH,W17,1000,KH,24-02-2020 08:35,Accostage
24-02-2020,T4,AH,W19,1074,JK,24-02-2020 08:50,Accostage
24-02-2020,T4,AH,W23A,2062,KE,24-02-2020 09:02,Accostage
24-02-2020,T4,AH,W24A,1009,KO,24-02-2020 10:15,Accostage
24-02-2020,T4,AH,W24C,2013,KA,24-02-2020 11:22,Accostage
24-02-2020,T4,AH,W25A,1231,KG,24-02-2020 11:30,Accostage
24-02-2020,T4,AH,W18,1023,KC,24-02-2020 12:57,Accostage
24-02-2020,T4,AH,W24A,3005,KS,24-02-2020 13:30,Accostage
24-02-2020,T4,AH,W23A,1045,JP,24-02-2020 13:48,Accostage
24-02-2020,T4,AH,W20,4063,JA,24-02-2020 14:35,Accostage
24-02-2020,T4,AH,W24A,2025,JR,24-02-2020 15:14,Accostage
24-02-2020,T4,AH,W24C,1217,KB,24-02-2020 15:24,Accostage
24-02-2020,T4,AH,W23C,2005,KA,24-02-2020 15:37,Accostage
24-02-2020,T4,AH,W21,1012,JX,24-02-2020 15:30,Accostage
24-02-2020,T4,AH,W25A,1001,KH,24-02-2020 16:23,Accostage
24-02-2020,T4,AH,W17,1025,JU,24-02-2020 16:40,Accostage
24-02-2020,T4,AH,W23A,2047,KO,24-02-2020 16:55,Accostage
24-02-2020,T4,AH,W16,2014,JM,24-02-2020 16:00,Accostage
24-02-2020,T4,AH,W21,1005,JC,24-02-2020 18:15,Accostage
24-02-2020,T4,AH,W23C,1021,RC,24-02-2020 18:15,Accostage
24-02-2020,T4,AH,W22,3017,KP,24-02-2020 18:25,Accostage
24-02-2020,T4,AH,W19,1230,JN,24-02-2020 18:30,Accostage
24-02-2020,T4,AH,W24C,1037,JL,24-02-2020 18:45,Accostage
25-02-2020,T4,AH,W22A,5324,KT,25-02-2020 19:25,Accostage
25-02-2020,T4,AH,W16,1215,JP,25-02-2020 20:53,Accostage
25-02-2020,T4,AH,W25B,1013,JX,25-02-2020 22:48,Accostage
25-02-2020,T4,AH,W22A,4015,KC,25-02-2020 03:50,Accostage
25-02-2020,T4,AH,W18,5325,KT,25-02-2020 04:25,Accostage
25-02-2020,T4,AH,W23C,1002,KK,25-02-2020 05:07,Accostage
25-02-2020,T4,AH,W24A,4000,JQ,25-02-2020 05:30,Accostage
25-02-2020,T4,AH,W24A,2012,KS,25-02-2020 05:35,Accostage
25-02-2020,T4,AH,W17,4039,KN,25-02-2020 06:25,Accostage
25-02-2020,T4,AH,W22C,3019,JP,25-02-2020 06:25,Accostage
25-02-2020,T4,AH,W18,4016,KT,25-02-2020 07:35,Accostage
25-02-2020,T4,AH,W25B,4012,JX,25-02-2020 07:25,Accostage
25-02-2020,T4,AH,W22A,1022,KC,25-02-2020 07:35,Accostage
25-02-2020,T4,AH,W24C,1074,JL,25-02-2020 07:40,Accostage
25-02-2020,T1,AH,W9,6110,KP,25-02-2020 08:10,Accostage
25-02-2020,T1,DTH,W10a,1918,CP,25-02-2020 08:20,Accostage
25-02-2020,T1,DTH,W11a,1803,CF,25-02-2020 08:25,Accostage
25-02-2020,T1,DTH,W12,1120,KD,25-02-2020 09:10,Accostage
25-02-2020,T1,DTH,W9,1919,CA,25-02-2020 14:05,Accostage
25-02-2020,T1,DTH,W10a,1125,CF,25-02-2020 15:15,Accostage
25-02-2020,T1,AH,W9,6236,JR,25-02-2020 16:00,Accostage
25-02-2020,T1,AH,W11,6213,KA,25-02-2020 16:15,Accostage
25-02-2020,T1,DTH,W10c,2122,CT,25-02-2020 17:00,Accostage
25-02-2020,T1,AH,W12,6006,JL,25-02-2020 17:20,Accostage
25-02-2020,T1,AH,W10a,6226,KC,25-02-2020 18:15,Accostage
26-02-2020,T1,AH,W9,6150,JQ,26-02-2020 19:05,Accostage
26-02-2020,T1,AH,W12,6148,JN,26-02-2020 21:20,Accostage
26-02-2020,T1,AH,W08,6237,JR,26-02-2020 00:05,Accostage
26-02-2020,T1,AH,W10C,6149,JN,26-02-2020 04:45,Accostage
26-02-2020,T1,AH,W10A,6151,JQ,26-02-2020 02:25,Accostage
26-02-2020,T1,AH,W02,6225,JU,26-02-2020 06:20,Accostage
26-02-2020,T1,AH,W10A,6100,JQ,26-02-2020 06:10,Accostage
26-02-2020,T1,AH,W08,6288,JR,26-02-2020 07:55,Accostage
25-02-2020,T1,TK,W02,653,YP,25-02-2020 09:45,Accostage
25-02-2020,T1,TU,W01,374,MR,25-02-2020 10:54,Accostage
25-02-2020,T1,AT,W04,560,OB,25-02-2020 11:57,Accostage
25-02-2020,T1,MS,W02,845,EM,25-02-2020 12:28,Accostage
25-02-2020,T1,UAE,W06,757,JQ,25-02-2020 12:40,Accostage
25-02-2020,T4,TO,W16,4800,VF,25-02-2020 08:00,Accostage
25-02-2020,T4,AF,W15,1554,XP,25-02-2020 09:15,Accostage
25-02-2020,T4,AF,W15,9454,HX,25-02-2020 12:00,Accostage
25-02-2020,T4,BAW,W16,2546,TU,25-02-2020 12:35,Accostage
25-02-2020,T4,VLG,W14,1338,MBS,25-02-2020 13:12,Accostage
25-02-2020,T4,AF,W15,1854,XC,25-02-2020 13:45,Accostage
25-02-2020,T4,AF,W16,1654,PG,25-02-2020 17:35,Accostage
26-02-2020,T4,VLG,W14,7991,KM,26-02-2020 19:05,Accostage
26-02-2020,T4,JA,W15,3444,SAO,26-02-2020 20:02,Accostage
26-02-2020,T4,AF,W16,1354,PH,26-02-2020 23:20,Accostage
26-02-2020,T4,LH,W17,1318,UE,26-02-2020 00:46,Accostage
26-02-2020,T4,NZ,W13,802,DH,26-02-2020 02:40,Accostage
26-02-2020,T4,AV,W16,1355,PH,26-02-2020 04:45,Accostage
26-02-2020,T4,AZ,W13,803,DH,26-02-2020 05:50,Accostage
26-02-2020,T4,VLG,W14,7396,MGC,26-02-2020 07:32,Accostage
26-02-2020,T4,VLG,W15,7476,MKV,26-02-2020 07:36,Accostage
25-02-2020,T4,AH,W23A,1036,KM,25-02-2020 08:45,Accostage
25-02-2020,T4,AH,W18,1025,JU,25-02-2020 08:45,Accostage
25-02-2020,T4,AH,W23C,1016,JK,25-02-2020 08:50,Accostage
25-02-2020,T4,AH,W21,1000,JC,25-02-2020 08:55,Accostage
25-02-2020,T4,AH,W19,2054,KQ,25-02-2020 09:28,Accostage
25-02-2020,T4,AH,W24a,2006,KL,25-02-2020 09:05,Accostage
25-02-2020,T4,AH,W21,1004,JA,25-02-2020 10:05,Accostage
25-02-2020,T4,AH,W17,1009,KH,25-02-2020 10:22,Accostage
25-02-2020,T4,AH,W23a,4001,JQ,25-02-2020 10:40,Accostage
25-02-2020,T4,AH,W16,2013,KS,25-02-2020 10:45,Accostage
25-02-2020,T4,AH,W21,1000,JC,25-02-2020 11:23,Accostage
25-02-2020,T4,AH,W25b,2700,JV,25-02-2020 11:30,Accostage
25-02-2020,T4,AH,W24a,1023,KC,25-02-2020 12:50,Accostage
25-02-2020,T4,AH,W18,1003,KK,25-02-2020 13:48,Accostage
25-02-2020,T4,AH,W21a,1037,KM,25-02-2020 14:25,Accostage
25-02-2020,T4,AH,W17,2007,KL,25-02-2020 15:00,Accostage
25-02-2020,T4,AH,W19,2025,JU,25-02-2020 15:14,Accostage
25-02-2020,T4,AH,W22c,1011,KN,25-02-2020 15:28,Accostage
25-02-2020,T4,AH,W16,1217,JK,25-02-2020 15:30,Accostage
25-02-2020,T4,AH,W23a,4017,KT,25-02-2020 17:25,Accostage
25-02-2020,T4,AH,W21,1001,JC,25-02-2020 17:21,Accostage
25-02-2020,T4,AH,W17,2055,KQ,25-02-2020 17:38,Accostage
25-02-2020,T4,AH,W20,1005,JA,25-02-2020 18:09,Accostage
26-02-2020,T4,AH,W25c,3017,JP,26-02-2020 19:15,Accostage
26-02-2020,T4,AH,W19,5010,KG,26-02-2020 19:20,Accostage
26-02-2020,T4,AH,W24c,2005,KS,26-02-2020 19:10,Accostage
26-02-2020,T4,AH,W23c,2015,JL,26-02-2020 20:25,Accostage
26-02-2020,T4,AH,W18,1507,KK,26-02-2020 21:33,Accostage
26-02-2020,T4,AH,W24a,1013,KL,26-02-2020 22:35,Accostage
26-02-2020,T1,DTH,W11A,1120,CF,26-02-2020 08:05,Accostage
26-02-2020,T1,DTH,W12,1805,CT,26-02-2020 09:15,Accostage
26-02-2020,T1,DTH,W08,1961,CA,26-02-2020 10:25,Accostage
26-02-2020,T1,DTH,W09,2115,CV,26-02-2020 15:30,Accostage
26-02-2020,T1,DTH,W12,1123,CD,26-02-2020 15:40,Accostage
26-02-2020,T1,AH,W11,6222,KC,26-02-2020 16:35,Accostage
26-02-2020,T1,DTH,W08,1919,CA,26-02-2020 16:45,Accostage
26-02-2020,T1,DTH,W12,1119,CF,26-02-2020 19:25,Accostage
26-02-2020,T1,AH,W10C,6010,KM,26-02-2020 17:30,Accostage
26-02-2020,T1,AH,W10A,6026,KN,26-02-2020 17:38,Accostage
26-02-2020,T1,AH,W11A,6234,KT,26-02-2020 18:43,Accostage
27-02-2020,T1,AH,W09,2106,KS,27-02-2020 19:35,Accostage
27-02-2020,T1,AH,W12,6272,JM,27-02-2020 21:45,Accostage
27-02-2020,T1,AH,W10A,6103,JQ,27-02-2020 22:05,Accostage
27-02-2020,T1,AH,W10C,2146,JR,27-02-2020 05:00,Accostage
27-02-2020,T1,AH,W09,6024,JK,27-02-2020 05:00,Accostage
27-02-2020,T1,AH,W10A,6294,JQ,27-02-2020 06:20,Accostage
27-02-2020,T1,AH,W08,6116,JL,27-02-2020 06:25,Accostage
27-02-2020,T1,AH,W11,6292,JM,27-02-2020 07:05,Accostage
26-02-2020,T1,TK,W02,653,JVH,26-02-2020 09:55,Accostage
26-02-2020,T1,RAN,W04,560,OJ,26-02-2020 12:05,Accostage
26-02-2020,T1,MS,W02,845,JEL,26-02-2020 12:25,Accostage
26-02-2020,T1,BJ,W01,130,NO,26-02-2020 12:45,Accostage
26-02-2020,T1,EK,W06B,757,GS,26-02-2020 12:50,Accostage
26-02-2020,T1,QTR,W04B,1379,CF,26-02-2020 13:40,Accostage
26-02-2020,T1,TVN,W02,338,MW,26-02-2020 14:58,Accostage
26-02-2020,T1,TK,W03B,651,JIP,26-02-2020 15:25,Accostage
27-02-2020,T1,TK,W02,655,JSA,27-02-2020 01:27,Accostage
27-02-2020,T1,SV,W06B,3359,CN,27-02-2020 05:35,Accostage
26-02-2020,T4,LH,W16,1316,CK,26-02-2020 11:42,Accostage
26-02-2020,T4,BAW,W14,2546,TU,26-02-2020 12:00,Accostage
26-02-2020,T4,AF,W15,1854,XP,26-02-2020 13:35,Accostage
26-02-2020,T4,VLG,W14,6338,MJB,26-02-2020 15:02,Accostage
26-02-2020,T4,AZ,W13,800,CD,26-02-2020 17:10,Accostage
26-02-2020,T4,AF,W15,1654,PH,26-02-2020 17:32,Accostage
27-02-2020,T4,VLG,W14,7991,BE,27-02-2020 20:25,Accostage
27-02-2020,T4,AF,W15,1354,BF,27-02-2020 23:09,Accostage
27-02-2020,T4,AZ,W13,802,DI,27-02-2020 00:28,Accostage
27-02-2020,T4,AF,W15,1355,PF,27-02-2020 04:38,Accostage
27-02-2020,T4,AZ,W13,803,DJ,27-02-2020 04:45,Accostage
27-02-2020,T4,VLG,W14,7396,CU,27-02-2020 07:30,Accostage
26-02-2020,T4,AH,W24C,2028,KS,26-02-2020 08:10,Accostage
26-02-2020,T4,AH,W23C,3016,JK,26-02-2020 08:15,Accostage
26-02-2020,T4,AH,W19,1010,KJ,26-02-2020 08:20,Accostage
26-02-2020,T4,AH,W21,1036,JX,26-02-2020 08:20,Accostage
26-02-2020,T4,AH,W22C,2070,KA,26-02-2020 08:35,Accostage
26-02-2020,T4,AH,W25,2026,KC,26-02-2020 08:40,Accostage
26-02-2020,T4,AH,W24A,1000,KL,26-02-2020 08:45,Accostage
26-02-2020,T4,AH,W18,1216,JL,26-02-2020 08:55,Accostage
26-02-2020,T4,AH,W22A,2062,KQ,26-02-2020 09:05,Accostage
26-02-2020,T4,AH,W17,1009,KN,26-02-2020 09:35,Accostage
26-02-2020,T4,AH,W21,1004,JC,26-02-2020 10:20,Accostage
26-02-2020,T4,AH,W18,1214,KK,26-02-2020 11:10,Accostage
26-02-2020,T4,AH,W19,2004,JU,26-02-2020 11:25,Accostage
26-02-2020,T4,AH,W22,1023,KT,26-02-2020 12:45,Accostage
26-02-2020,T4,AH,W22C,1003,JP,26-02-2020 13:15,Accostage
26-02-2020,T4,AH,W23A,1231,KH,26-02-2020 12:30,Accostage
26-02-2020,T4,AH,W19,1034,JR,26-02-2020 15:20,Accostage
26-02-2020,T4,AH,W20,4031,JU,26-02-2020 14:50,Accostage
26-02-2020,T4,AH,W21B,4063,JA,26-02-2020 15:00,Accostage
26-02-2020,T4,AH,W25C,1011,KJ,26-02-2020 15:00,Accostage
26-02-2020,T4,AH,W24C,1217,JL,26-02-2020 15:08,Accostage
26-02-2020,T4,AH,W24A,2005,JU,26-02-2020 15:15,Accostage
26-02-2020,T4,AH,W23C,2014,JM,26-02-2020 15:50,Accostage
26-02-2020,T4,AH,W22A,2063,KQ,26-02-2020 16:23,Accostage
26-02-2020,T4,AH,W25A,4039,KG,26-02-2020 17:50,Accostage
26-02-2020,T4,AH,W25C,4014,KJ,26-02-2020 18:00,Accostage
26-02-2020,T4,AH,W20,1005,JC,26-02-2020 18:20,Accostage
26-02-2020,T4,AH,W22C,3017,JK,26-02-2020 18:27,Accostage
26-02-2020,T4,AH,W17,5318,JN,26-02-2020 19:30,Accostage
27-02-2020,T4,AH,W24A,1215,KK,27-02-2020 19:40,Accostage
27-02-2020,T4,AH,W18,4003,JU,27-02-2020 20:10,Accostage
27-02-2020,T4,AH,W17,5323,KQ,27-02-2020 02:38,Accostage
27-02-2020,T4,AH,W16,4000,JO,27-02-2020 05:10,Accostage
27-02-2020,T4,AH,W17,1002,KQ,27-02-2020 05:15,Accostage
27-02-2020,T4,AH,W18,2012,JU,27-02-2020 05:20,Accostage
27-02-2020,T4,AH,W22C,5319,JN,27-02-2020 06:17,Accostage
27-02-2020,T4,AH,W22C,1036,JN,27-02-2020 07:30,Accostage
27-02-2020,T4,AH,W19,3016,KB,27-02-2020 07:47,Accostage
27-02-2020,T1,DTH,W08,1850,CE,27-02-2020 08:25,Accostage
27-02-2020,T1,DTH,W09,1909,CA,27-02-2020 08:40,Accostage
27-02-2020,T1,DTH,W11A,2111,CD,27-02-2020 10:05,Accostage
27-02-2020,T1,AH,W10B,6102,JW,27-02-2020 10:20,Accostage
27-02-2020,T1,AH,W12,6147,JA,27-02-2020 11:25,Accostage
27-02-2020,T1,DTH,W09,1840,CB,27-02-2020 13:30,Accostage
27-02-2020,T1,AH,W12,6052,JA,27-02-2020 13:50,Accostage
27-02-2020,T1,AH,W08,1321,CF,27-02-2020 14:45,Accostage
27-02-2020,T1,AH,W09,6284,JQ,27-02-2020 16:20,Accostage
27-02-2020,T1,AH,W12,6053,JR,27-02-2020 17:10,Accostage
27-02-2020,T1,DTH,W11A,1802,CD,27-02-2020 17:20,Accostage
28-02-2020,T1,AH,W09,6106,KJ,28-02-2020 19:48,Accostage
28-02-2020,T1,AH,W08,6001,JA,28-02-2020 21:28,Accostage
28-02-2020,T1,AH,W10A,6310,KB,28-02-2020 22:00,Accostage
28-02-2020,T1,AH,W11A,6142,KC,28-02-2020 22:13,Accostage
28-02-2020,T1,AH,W10C,6230,JN,28-02-2020 23:02,Accostage
28-02-2020,T1,AH,W12,2334,KN,28-02-2020 06:10,Accostage
27-02-2020,T1,TK,W02,653,JVC,27-02-2020 10:00,Accostage
27-02-2020,T1,AT,W04,560,OR,27-02-2020 12:00,Accostage
27-02-2020,T1,MS,W01,845,JEK,27-02-2020 12:25,Accostage
27-02-2020,T1,IK,W06B,757,EGN,27-02-2020 12:35,Accostage
27-02-2020,T1,QR,W04,1379,CZ,27-02-2020 14:00,Accostage
27-02-2020,T1,RJ,W02,517,AYS,27-02-2020 14:13,Accostage
27-02-2020,T1,TU,W01,374,MW,27-02-2020 15:00,Accostage
27-02-2020,T1,TK,W03B,651,LOA,27-02-2020 15:55,Accostage
28-02-2020,T1,TK,W01,655,JRD,28-02-2020 01:30,Accostage
27-02-2020,T1,TU,W02,610,MO,27-02-2020 17:15,Accostage
27-02-2020,T4,TO,W14,4680,VA,27-02-2020 08:09,Accostage
27-02-2020,T4,VLG,W15,7476,MKV,27-02-2020 08:49,Accostage
27-02-2020,T4,AF,W14,1554,XJ,27-02-2020 09:10,Accostage
27-02-2020,T4,DTH,W27A,3018,CT,27-02-2020 08:45,Accostage
27-02-2020,T4,AF,W15,9454,HI,27-02-2020 10:59,Accostage
27-02-2020,T4,LH,W14,1316,PP,27-02-2020 12:02,Accostage
27-02-2020,T4,BA,W16,2546,TE,27-02-2020 12:25,Accostage
27-02-2020,T4,VLG,W15,7338,MKO,27-02-2020 13:00,Accostage
27-02-2020,T4,AF,W17,1854,HV,27-02-2020 13:44,Accostage
27-02-2020,T4,AZ,W13,800,DE,27-02-2020 17:17,Accostage
27-02-2020,T4,AF,W14,1653,XT,27-02-2020 17:25,Accostage
28-02-2020,T4,JAF,W16,2401,CAO,28-02-2020 19:10,Accostage
28-02-2020,T4,VLG,W15,7991,LOC,28-02-2020 19:12,Accostage
28-02-2020,T4,TO,W17,4800,VG,28-02-2020 21:40,Accostage
28-02-2020,T4,AF,W15,1354,PG,28-02-2020 23:36,Accostage
28-02-2020,T4,AZ,W13,802,NB,28-02-2020 00:25,Accostage
28-02-2020,T4,AZ,W13,803,NB,28-02-2020 04:45,Accostage
28-02-2020,T4,AF,W15,1355,PG,28-02-2020 04:50,Accostage
28-02-2020,T4,VLG,W14,7396,KCE,28-02-2020 07:30,Accostage
27-02-2020,T4,AH,W18,1044,KS,27-02-2020 08:42,Accostage
27-02-2020,T4,AH,W21,1000,JX,27-02-2020 09:03,Accostage
27-02-2020,T4,AH,W25,1074,JK,27-02-2020 08:55,Accostage
27-02-2020,T4,AH,W24C,2006,KC,27-02-2020 09:00,Accostage
27-02-2020,T4,AH,W17,1010,KI,27-02-2020 08:53,Accostage
27-02-2020,T4,AH,W23A,1009,KH,27-02-2020 10:03,Accostage
27-02-2020,T4,AH,W20B,1004,JC,27-02-2020 10:05,Accostage
27-02-2020,T4,AH,W23C,2024,KA,27-02-2020 09:40,Accostage
27-02-2020,T4,AH,W17,2013,JU,27-02-2020 10:34,Accostage
27-02-2020,T4,AH,W24A,1025,KL,27-02-2020 08:40,Accostage
27-02-2020,T4,AH,W21B,2700,JV,27-02-2020 11:30,Accostage
27-02-2020,T4,AH,W18,1231,KG,27-02-2020 11:50,Accostage
27-02-2020,T4,AH,W23A,1023,KK,27-02-2020 13:08,Accostage
27-02-2020,T4,AH,W22A,1045,KS,27-02-2020 13:35,Accostage
27-02-2020,T4,AH,W22C,2007,KC,27-02-2020 14:00,Accostage
27-02-2020,T4,AH,W24C,1003,KG,27-02-2020 13:59,Accostage
27-02-2020,T4,AH,W24A,1006,KL,27-02-2020 14:43,Accostage
27-02-2020,T4,AH,W18,4065,JP,27-02-2020 14:50,Accostage
27-02-2020,T4,AH,W16,2005,JU,27-02-2020 15:19,Accostage
27-02-2020,T4,AH,W23A,2025,KA,27-02-2020 15:23,Accostage
27-02-2020,T4,AH,W15,1011,KI,27-02-2020 15:52,Accostage
27-02-2020,T4,AH,W22A,1075,JK,27-02-2020 16:27,Accostage
27-02-2020,T4,AH,W17,2047,KH,27-02-2020 16:30,Accostage
27-02-2020,T4,AH,W24C,1008,KQ,27-02-2020 17:30,Accostage
27-02-2020,T4,AH,W14,1037,JN,27-02-2020 14:40,Accostage
27-02-2020,T4,AH,W23C,4017,KT,27-02-2020 17:47,Accostage
27-02-2020,T4,AH,W18,1021,KK,27-02-2020 18:18,Accostage
27-02-2020,T4,AH,W21B,1005,JC,27-02-2020 18:25,Accostage
28-02-2020,T4,AH,W22C,1041,KS,28-02-2020 19:57,Accostage
28-02-2020,T4,AH,W22A,1007,KL,28-02-2020 21:35,Accostage
28-02-2020,T4,AH,W19,3018,KD,28-02-2020 20:15,Accostage
28-02-2020,T4,AH,W24A,1013,JP,28-02-2020 22:28,Accostage
28-02-2020,T4,AH,W24C,5327,KI,28-02-2020 02:38,Accostage
28-02-2020,T4,AH,W22A,1002,KL,28-02-2020 06:00,Accostage
28-02-2020,T4,AH,W22C,4000,KS,28-02-2020 06:00,Accostage
28-02-2020,T4,AH,W19,3019,KD,28-02-2020 06:50,Accostage
28-02-2020,T4,AH,W23A,4038,KA,28-02-2020 07:10,Accostage
28-02-2020,T4,AH,W24C,1022,KI,28-02-2020 07:15,Accostage
28-02-2020,T4,AH,W25A,1074,JR,28-02-2020 07:15,Accostage
28-02-2020,T4,AH,W24A,1036,JP,28-02-2020 07:30,Accostage
28-02-2020,T4,AH,W18,5011,KK,28-02-2020 06:30,Accostage
28-02-2020,T1,DTH,W09,1803,CD,28-02-2020 08:25,Accostage
28-02-2020,T1,DTH,W08,2382,CA,28-02-2020 09:10,Accostage
28-02-2020,T1,DTH,W10C,1841,CB,28-02-2020 12:45,Accostage
28-02-2020,T1,AH,W12,6244,JQ,28-02-2020 15:45,Accostage
28-02-2020,T1,AH,W08,6335,KT,28-02-2020 16:05,Accostage
28-02-2020,T1,DTH,W10A,1900,CC,28-02-2020 16:20,Accostage
28-02-2020,T1,AH,W11A,6112,KQ,28-02-2020 18:05,Accostage
28-02-2020,T1,AH,W12,6006,KO,28-02-2020 18:00,Accostage
28-02-2020,T1,AH,W09,2026,KA,28-02-2020 18:25,Accostage
29-02-2020,T1,DTH,W08,2383,CA,29-02-2020 19:15,Accostage
29-02-2020,T1,AH,W10A,6245,JQ,29-02-2020 20:50,Accostage
29-02-2020,T1,AH,W12,6106,KK,29-02-2020 21:30,Accostage
29-02-2020,T1,AH,W09,6146,JN,29-02-2020 22:35,Accostage
29-02-2020,T1,AH,W12,6147,JN,29-02-2020 05:00,Accostage
29-02-2020,T1,DTH,W08,2320,CA,29-02-2020 05:45,Accostage
29-02-2020,T1,AH,W10A,6100,JQ,29-02-2020 06:05,Accostage
29-02-2020,T1,AH,W09,6212,JM,29-02-2020 06:10,Accostage
29-02-2020,T1,AH,W10C,6040,JL,29-02-2020 06:30,Accostage
29-02-2020,T1,AH,W12,6050,JN,29-02-2020 07:20,Accostage
28-02-2020,T1,TK,W01,653,JVP,28-02-2020 09:45,Accostage
28-02-2020,T1,RAM,W03B,560,GZ,28-02-2020 11:46,Accostage
28-02-2020,T1,MS,W01,845,GEK,28-02-2020 12:18,Accostage
28-02-2020,T1,UAE,W06,757,VJ,28-02-2020 12:30,Accostage
28-02-2020,T1,TU,W02,338,MH,28-02-2020 13:06,Accostage
28-02-2020,T1,QTR,W04B,1379,CI,28-02-2020 13:48,Accostage
28-02-2020,T1,TK,W03B,651,JWA,28-02-2020 15:45,Accostage
29-02-2020,T1,TK,W02,655,JCL,29-02-2020 01:06,Accostage
28-02-2020,T4,VLG,W15,7476,BD,28-02-2020 08:55,Accostage
28-02-2020,T4,AF,W14,1554,XR,28-02-2020 09:15,Accostage
28-02-2020,T4,ASL,W15,951,QT,28-02-2020 10:08,Accostage
28-02-2020,T4,BA,W17,2546,TU,28-02-2020 11:03,Accostage
28-02-2020,T4,HZ,W13,800,NB,28-02-2020 11:14,Accostage
28-02-2020,T4,LH,W25A,1316,ED,28-02-2020 12:02,Accostage
28-02-2020,T4,AF,W15,1854,PA,28-02-2020 13:46,Accostage
28-02-2020,T4,DTH,W18,3012,CF,28-02-2020 14:30,Accostage
29-02-2020,T4,VLG,W16,7991,NBK,29-02-2020 19:05,Accostage
29-02-2020,T4,VLG,W16,7474,MKV,29-02-2020 23:30,Accostage
29-02-2020,T4,AF,W17,1354,XI,29-02-2020 23:39,Accostage
29-02-2020,T4,AZ,W13,802,DK,29-02-2020 00:00,Accostage
29-02-2020,T4,AF,W17,1355,XI,29-02-2020 04:45,Accostage
29-02-2020,T4,AZ,W13,803,DK,29-02-2020 04:50,Accostage
29-02-2020,T4,VLG,W17,7475,NGB,29-02-2020 07:20,Accostage
29-02-2020,T4,VLG,W18,7396,KCV,29-02-2020 07:25,Accostage
28-02-2020,T4,AH,W25C,2006,KB,28-02-2020 08:25,Accostage
28-02-2020,T4,AH,W23C,3016,RC,28-02-2020 08:30,Accostage
28-02-2020,T4,AH,W21,4012,JX,28-02-2020 08:10,Accostage
28-02-2020,T4,AH,W20,2702,JZ,28-02-2020 08:15,Accostage
28-02-2020,T4,AH,W17,1216,JN,28-02-2020 08:20,Accostage
28-02-2020,T4,AH,W22B,1000,JY,28-02-2020 08:30,Accostage
28-02-2020,T4,AH,W23A,1025,JU,28-02-2020 08:40,Accostage
28-02-2020,T4,AH,W25A,2026,JQ,28-02-2020 09:00,Accostage
28-02-2020,T4,AH,W19,1190,JO,28-02-2020 09:43,Accostage
28-02-2020,T4,AH,W24C,1009,KQ,28-02-2020 09:50,Accostage
28-02-2020,T4,AH,W16,2054,KS,28-02-2020 09:15,Accostage
28-02-2020,T4,AH,W20,1004,JV,28-02-2020 10:35,Accostage
28-02-2020,T4,AH,W24A,4001,KS,28-02-2020 10:45,Accostage
28-02-2020,T4,AH,W25C,1231,KH,28-02-2020 11:33,Accostage
28-02-2020,T4,AH,W22C,1023,KI,28-02-2020 12:53,Accostage
28-02-2020,T4,AH,W22A,1003,KL,28-02-2020 13:27,Accostage
28-02-2020,T4,AH,W23C,2005,TSU,28-02-2020 13:55,Accostage
28-02-2020,T4,AH,W23A,2007,KB,28-02-2020 14:23,Accostage
28-02-2020,T4,AH,W17,1006,KF,28-02-2020 14:10,Accostage
28-02-2020,T4,AH,W24A,1037,JP,28-02-2020 14:30,Accostage
28-02-2020,T4,AH,W20,1463,JCL,28-02-2020 14:40,Accostage
28-02-2020,T4,AH,W24,1011,KK,28-02-2020 15:08,Accostage
28-02-2020,T4,AH,W21,1034,JAI,28-02-2020 14:30,Accostage
28-02-2020,T4,AH,W16,2047,KS,28-02-2020 14:30,Accostage
28-02-2020,T4,AH,W24A,2063,KE,28-02-2020 17:10,Accostage
28-02-2020,T4,AH,W25C,1191,JO,28-02-2020 15:45,Accostage
28-02-2020,T4,AH,W25A,1217,JT,28-02-2020 15:47,Accostage
28-02-2020,T4,AH,W21,1005,JV,28-02-2020 18:05,Accostage
28-02-2020,T4,AH,W23A,1021,KI,28-02-2020 18:07,Accostage
28-02-2020,T4,AH,W25,3017,KC,28-02-2020 18:29,Accostage
28-02-2020,T4,AH,W17,1215,KH,28-02-2020 18:12,Accostage
29-02-2020,T4,AH,W22A,5324,JL,29-02-2020 19:35,Accostage
29-02-2020,T4,AH,W24A,4003,JP,29-02-2020 19:48,Accostage
29-02-2020,T4,AH,W22C,1071,KD,29-02-2020 20:05,Accostage
29-02-2020,T4,AH,W20,4062,JC,29-02-2020 20:50,Accostage
29-02-2020,T4,AH,W21,3018,JV,29-02-2020 21:10,Accostage
29-02-2020,T4,AH,W24C,1075,JR,29-02-2020 21:15,Accostage
29-02-2020,T4,AH,W23A,1007,KF,29-02-2020 21:25,Accostage
29-02-2020,T4,AH,W23C,1013,JO,29-02-2020 22:50,Accostage
29-02-2020,T4,AH,W16,5323,KS,29-02-2020 02:30,Accostage
29-02-2020,T4,AH,W20B,2730,JZ,29-02-2020 03:36,Accostage
29-02-2020,T4,AH,W23C,4000,JO,29-02-2020 05:05,Accostage
29-02-2020,T4,AH,W13A,1002,KF,29-02-2020 05:10,Accostage
29-02-2020,T4,AH,W15,5011,KH,29-02-2020 06:10,Accostage
29-02-2020,T4,AH,W14,5319,KC,29-02-2020 06:27,Accostage
29-02-2020,T4,AH,W21,3019,JV,29-02-2020 06:34,Accostage
29-02-2020,T4,AH,W24A,1022,JP,29-02-2020 07:35,Accostage
29-02-2020,T4,AH,W22A,1010,KV,29-02-2020 07:37,Accostage
29-02-2020,T4,AH,W16,2028,KS,29-02-2020 07:40,Accostage
29-02-2020,T4,AH,W15,1036,KH,29-02-2020 07:45,Accostage
29-02-2020,T4,AH,W14,2006,KC,29-02-2020 07:50,Accostage
29-02-2020,T1,DTH,W11,1326,CF,29-02-2020 08:40,Accostage
29-02-2020,T1,DTH,W09,1840,CT,29-02-2020 09:50,Accostage
29-02-2020,T1,DTH,W11,1937,CD,29-02-2020 13:25,Accostage
29-02-2020,T1,DTH,W08,2340,CD,29-02-2020 13:50,Accostage
29-02-2020,T1,DTH,W09,1905,CC,29-02-2020 15:35,Accostage
29-02-2020,T1,DTH,W11,1802,CD,29-02-2020 15:40,Accostage
29-02-2020,T1,AH,W12,6025,JU,29-02-2020 17:10,Accostage
29-02-2020,T1,AH,W08,6051,JN,29-02-2020 17:50,Accostage
29-02-2020,T1,AH,W10A,6000,KQ,29-02-2020 18:25,Accostage
30-02-2020,T1,AH,W12,6238,KP,30-02-2020 19:45,Accostage
30-02-2020,T1,AH,W10C,6146,JP,30-02-2020 23:00,Accostage
30-02-2020,T1,AH,W11A,6142,KT,30-02-2020 22:50,Accostage
30-02-2020,T1,AH,W09,6106,KH,30-02-2020 22:30,Accostage
30-02-2020,T1,AH,W08,6292,JR,30-02-2020 19:55,Accostage
30-02-2020,T1,AH,W08,6147,JP,30-02-2020 05:20,Accostage
30-02-2020,T1,AH,W10A,6212,JM,30-02-2020 06:10,Accostage
30-02-2020,T1,AH,W08,6050,JP,30-02-2020 07:30,Accostage
30-02-2020,T1,AH,W09,6040,KE,30-02-2020 07:35,Accostage
29-02-2020,T1,TK,W02,653,JHP,29-02-2020 09:43,Accostage
29-02-2020,T1,AT,W03B,560,GZ,29-02-2020 11:46,Accostage
29-02-2020,T1,MS,W02,845,GEC,29-02-2020 12:32,Accostage
29-02-2020,T1,UAE,W06,757,PM,29-02-2020 12:48,Accostage
29-02-2020,T1,RJA,W01,517,AYC,29-02-2020 13:42,Accostage
29-02-2020,T1,QTR,W04,1379,CP,29-02-2020 13:47,Accostage
29-02-2020,T1,TK,W03B,651,JOH,29-02-2020 15:10,Accostage
30-02-2020,T1,TU,W01,374,MR,30-02-2020 22:55,Accostage
30-02-2020,T1,TK,W01,655,JSB,30-02-2020 01:37,Accostage
29-02-2020,T4,TO,W23C,4800,HD,29-02-2020 08:15,Accostage
29-02-2020,T4,AF,W17,1554,XS,29-02-2020 09:20,Accostage
29-02-2020,T4,ASL,W16,951,TD,29-02-2020 10:35,Accostage
29-02-2020,T4,LH,W17,1316,UP,29-02-2020 11:59,Accostage
29-02-2020,T4,AF,W17,1854,XM,29-02-2020 13:46,Accostage
29-02-2020,T4,AF,W15,9454,HE,29-02-2020 16:18,Accostage
29-02-2020,T4,AZ,W13,800,DK,29-02-2020 17:03,Accostage
29-02-2020,T4,AF,W17,1654,XI,29-02-2020 17:55,Accostage
30-02-2020,T4,VLG,W15,7991,UN,30-02-2020 19:05,Accostage
30-02-2020,T4,VLG,W14,7338,MKO,30-02-2020 21:22,Accostage
30-02-2020,T4,VLG,W15,7474,MKX,30-02-2020 22:20,Accostage
30-02-2020,T4,NZ,W13,803,DK,30-02-2020 23:50,Accostage
30-02-2020,T4,CH,W17,1318,UK,30-02-2020 00:31,Accostage
30-02-2020,T4,NV,W16,1354,KH,30-02-2020 00:36,Accostage
30-02-2020,T4,NV,W16,1355,KP,30-02-2020 04:45,Accostage
30-02-2020,T4,NZ,W13,803,DK,30-02-2020 04:50,Accostage
30-02-2020,T4,VLG,W16,7396,KCU,30-02-2020 07:20,Accostage
29-02-2020,T4,AH,W22C,1046,KA,29-02-2020 08:20,Accostage
29-02-2020,T4,AH,W25C,1040,KT,29-02-2020 08:25,Accostage
29-02-2020,T4,AH,W24C,2024,JK,29-02-2020 08:45,Accostage
29-02-2020,T4,AH,W25A,2054,KQ,29-02-2020 08:55,Accostage
29-02-2020,T4,AH,W23A,1000,KJ,29-02-2020 09:14,Accostage
29-02-2020,T4,AH,W15,1009,KE,29-02-2020 10:25,Accostage
29-02-2020,T4,AH,W22B,1004,JB,29-02-2020 10:40,Accostage
29-02-2020,T4,AH,W14,4001,JO,29-02-2020 10:57,Accostage
29-02-2020,T4,AH,W20,2700,JZ,29-02-2020 11:10,Accostage
29-02-2020,T4,AH,W15,1023,JP,29-02-2020 13:14,Accostage
29-02-2020,T4,AH,W16,1045,KA,29-02-2020 13:30,Accostage
29-02-2020,T4,AH,W23A,2007,KC,29-02-2020 14:00,Accostage
29-02-2020,T4,AH,W22A,1037,KH,29-02-2020 14:19,Accostage
29-02-2020,T4,AH,W15,1003,KF,29-02-2020 14:22,Accostage
29-02-2020,T4,AH,W21,4063,JC,29-02-2020 14:38,Accostage
29-02-2020,T4,AH,W14,2025,JR,29-02-2020 15:13,Accostage
29-02-2020,T4,AH,W22C,1011,KB,29-02-2020 15:28,Accostage
29-02-2020,T4,AH,W23C,1012,JM,29-02-2020 16:20,Accostage
29-02-2020,T4,AH,W16,1001,KL,29-02-2020 16:46,Accostage
29-02-2020,T4,AH,W18,2047,KE,29-02-2020 17:07,Accostage
29-02-2020,T4,AH,W14,4003,KA,29-02-2020 18:20,Accostage
29-02-2020,T4,AH,W20,1005,JB,29-02-2020 18:05,Accostage
29-02-2020,T4,AH,W22C,2029,KS,29-02-2020 18:57,Accostage
30-02-2020,T4,AH,W25B,1074,JV,30-02-2020 19:10,Accostage
30-02-2020,T4,AH,W23A,1215,JO,30-02-2020 19:28,Accostage
30-02-2020,T4,AH,W24A,5010,JL,30-02-2020 19:17,Accostage
30-02-2020,T4,AH,W22A,1007,KF,30-02-2020 21:29,Accostage
30-02-2020,T4,AH,W20,1002,JB,30-02-2020 05:40,Accostage
30-02-2020,T4,AH,W21C,2012,KT,30-02-2020 05:55,Accostage
30-02-2020,T4,AH,W22C,4016,KS,30-02-2020 07:05,Accostage
30-02-2020,T4,AH,W22A,1010,KF,30-02-2020 07:08,Accostage
30-02-2020,T4,AH,W23,1022,JK,30-02-2020 07:58,Accostage
23-02-2020,T1,AH,W09,6040,JK,23-02-2020 09:10,Desaccostage
23-02-2020,T1,DTH,W12,1903,CB,23-02-2020 10:10,Desaccostage
23-02-2020,T1,DTH,W08,1803,CA,23-02-2020 11:20,Desaccostage
23-02-2020,T1,DTH,W10A,2111,CF,23-02-2020 11:05,Desaccostage
23-02-2020,T1,DTH,W10A,2220,CF,23-02-2020 14:55,Desaccostage
23-02-2020,T1,DTH,W12,2110,CC,23-02-2020 15:15,Desaccostage
23-02-2020,T1,DTH,W10C,1321,CB,23-02-2020 18:10,Desaccostage
23-02-2020,T1,AH,W11A,6006,JU,23-02-2020 18:20,Desaccostage
23-02-2020,T1,AH,W09,6026,KB,23-02-2020 18:25,Desaccostage
23-02-2020,T1,AH,W08,6041,JK,23-02-2020 23:32,Desaccostage
24-02-2020,T1,AH,W12,6106,JP,24-02-2020 21:40,Desaccostage
24-02-2020,T1,AH,W10A,6009,JU,24-02-2020 21:50,Desaccostage
24-02-2020,T1,AH,W11A,6232,KA,24-02-2020 23:03,Desaccostage
24-02-2020,T1,AH,W09,6212,JM,24-02-2020 07:00,Desaccostage
24-02-2020,T1,AH,W10A,6304,JU,24-02-2020 06:53,Desaccostage
24-02-2020,T1,AH,W11A,6250,JG,24-02-2020 09:05,Desaccostage
23-02-2020,T4,DTH,W29C,3012,CT,23-02-2020 09:05,Desaccostage
23-02-2020,T4,TO,W19,4680,HK,23-02-2020 09:19,Desaccostage
23-02-2020,T4,VLG,W15,7475,KJD,23-02-2020 09:25,Desaccostage
23-02-2020,T4,AF,W14,1554,XL,23-02-2020 10:30,Desaccostage
23-02-2020,T4,AZ,W13,500,NB,23-02-2020 11:46,Desaccostage
23-02-2020,T4,AF,W14,9454,MD,23-02-2020 13:24,Desaccostage
23-02-2020,T4,BA,W15,2546,TU,23-02-2020 13:36,Desaccostage
23-02-2020,T4,AF,W14,1854,HN,23-02-2020 15:00,Desaccostage
23-02-2020,T4,AF,W15,1654,PC,23-02-2020 18:52,Desaccostage
24-02-2020,T4,VLG,W14,7991,MQU,24-02-2020 20:38,Desaccostage
24-02-2020,T4,JAF,W19,3401,AS,24-02-2020 21:50,Desaccostage
24-02-2020,T4,VCG,W15,7474,NAF,24-02-2020 23:30,Desaccostage
24-02-2020,T4,AF,W14,1354,XT,24-02-2020 00:05,Desaccostage
24-02-2020,T4,AZ,W13,802,OO,24-02-2020 01:15,Desaccostage
24-02-2020,T4,AZ,W13,803,DD,24-02-2020 05:30,Desaccostage
24-02-2020,T4,AF,W14,1355,XT,24-02-2020 06:07,Desaccostage
24-02-2020,T4,VLG,W14,7476,KDX,24-02-2020 08:10,Desaccostage
24-02-2020,T4,VLG,W15,7396,MJC,24-02-2020 08:26,Desaccostage
23-02-2020,T4,AH,W23A,1022,JQ,23-02-2020 09:08,Desaccostage
23-02-2020,T4,AH,W22A,1010,KJ,23-02-2020 09:28,Desaccostage
23-02-2020,T4,AH,W16,1070,JP,23-02-2020 09:10,Desaccostage
23-02-2020,T4,AH,W17,2070,KC,23-02-2020 10:15,Desaccostage
23-02-2020,T4,AH,W18,1036,KA,23-02-2020 09:58,Desaccostage
23-02-2020,T4,AH,W24B,4012,JU,23-02-2020 09:58,Desaccostage
23-02-2020,T4,AH,W25,2054,KG,23-02-2020 10:22,Desaccostage
23-02-2020,T4,AH,W22C,1025,KO,23-02-2020 11:09,Desaccostage
23-02-2020,T4,AH,W23C,2026,JR,23-02-2020 10:19,Desaccostage
23-02-2020,T4,AH,W21,3016,JU,23-02-2020 10:46,Desaccostage
23-02-2020,T4,AH,W16,1009,KR,23-02-2020 11:30,Desaccostage
23-02-2020,T4,AH,W24B,1004,JB,23-02-2020 11:59,Desaccostage
23-02-2020,T4,AH,W23A,1044,JU,23-02-2020 11:35,Desaccostage
23-02-2020,T4,AH,W13,2013,KT,23-02-2020 12:58,Desaccostage
23-02-2020,T4,AH,W21,1214,JA,23-02-2020 13:23,Desaccostage
23-02-2020,T4,AH,W22A,1231,JL,23-02-2020 12:57,Desaccostage
23-02-2020,T4,AH,W18,1023,JQ,23-02-2020 14:23,Desaccostage
23-02-2020,T4,AH,W19,2007,KLT,23-02-2020 15:59,Desaccostage
23-02-2020,T4,AH,W20B,1003,JC,23-02-2020 15:46,Desaccostage
23-02-2020,T4,AH,W24A,1037,KA,23-02-2020 17:06,Desaccostage
23-02-2020,T4,AH,W25B,4013,JY,23-02-2020 17:00,Desaccostage
23-02-2020,T4,AH,W17,2087,JK,23-02-2020 17:37,Desaccostage
23-02-2020,T4,AH,W23C,1011,KJ,23-02-2020 17:35,Desaccostage
23-02-2020,T4,AH,W15,2005,JL,23-02-2020 17:25,Desaccostage
23-02-2020,T4,AH,W23A,1214,JM,23-02-2020 16:50,Desaccostage
23-02-2020,T4,AH,W14,1008,KO,23-02-2020 18:48,Desaccostage
23-02-2020,T4,AH,W16,1012,KR,23-02-2020 16:34,Desaccostage
23-02-2020,T4,AH,W23A,2021,JQ,23-02-2020 20:00,Desaccostage
23-02-2020,T4,AH,W16,2059,KG,23-02-2020 19:25,Desaccostage
23-02-2020,T4,AH,W18,2071,KC,23-02-2020 20:48,Desaccostage
23-02-2020,T4,AH,W17,4017,KS,23-02-2020 18:50,Desaccostage
23-02-2020,T4,AH,W21,1005,JB,23-02-2020 20:10,Desaccostage
24-02-2020,T4,AH,W24B,3017,JV,24-02-2020 20:55,Desaccostage
24-02-2020,T4,AH,W20B,1215,JA,24-02-2020 23:30,Desaccostage
24-02-2020,T4,AH,W15,1035,KP,24-02-2020 22:30,Desaccostage
24-02-2020,T4,AH,W24C,1013,KR,24-02-2020 23:40,Desaccostage
24-02-2020,T4,AH,W25A,2367,KS,24-02-2020 02:15,Desaccostage
24-02-2020,T4,AH,W21B,1002,JB,24-02-2020 07:18,Desaccostage
24-02-2020,T4,AH,W25C,3019,KP,24-02-2020 09:50,Desaccostage
24-02-2020,T4,AH,W19,2012,KA,24-02-2020 07:45,Desaccostage
24-02-2020,T4,AH,W24A,511,KC,24-02-2020 09:08,Desaccostage
24-02-2020,T4,AH,W16,1036,JC,24-02-2020 09:00,Desaccostage
24-02-2020,T4,AH,W25A,3004,KS,24-02-2020 08:10,Desaccostage
24-02-2020,T4,AH,W23C,4038,KN,24-02-2020 09:07,Desaccostage
24-02-2020,T4,AH,W24C,1010,KR,24-02-2020 09:05,Desaccostage
24-02-2020,T1,DTH,W10A,1803,CB,24-02-2020 09:55,Desaccostage
24-02-2020,T1,TK,W01,653,HM,24-02-2020 10:49,Desaccostage
24-02-2020,T1,DTH,W08,1864,CD,24-02-2020 11:35,Desaccostage
24-02-2020,T1,AT,W04,560,NP,24-02-2020 12:55,Desaccostage
24-02-2020,T1,MS,W02,845,EM,24-02-2020 13:10,Desaccostage
24-02-2020,T1,EK,W06,757,BM,24-02-2020 15:24,Desaccostage
24-02-2020,T1,RT,W01,517,YT,24-02-2020 15:00,Desaccostage
24-02-2020,T1,QR,W04,1379,GM,24-02-2020 15:30,Desaccostage
24-02-2020,T1,TK,W02,651,JSU,24-02-2020 16:25,Desaccostage
24-02-2020,T1,TU,W01,374,MV,24-02-2020 18:25,Desaccostage
24-02-2020,T1,DTH,W08,1801,CB,24-02-2020 14:40,Desaccostage
24-02-2020,T1,DTH,W10C,2220,CT,24-02-2020 15:55,Desaccostage
24-02-2020,T1,AH,W08,6112,KK,24-02-2020 17:55,Desaccostage
24-02-2020,T1,AH,W09,6222,JK,24-02-2020 17:40,Desaccostage
24-02-2020,T1,AH,W12,6006,KE,24-02-2020 18:15,Desaccostage
24-02-2020,T1,DTH,W11A,1802,CF,24-02-2020 18:10,Desaccostage
24-02-2020,T1,AH,W10C,6051,JO,24-02-2020 18:43,Desaccostage
25-02-2020,T1,AH,W11A,6251,JQ,25-02-2020 19:55,Desaccostage
25-02-2020,T1,AH,W08,6146,KB,25-02-2020 00:10,Desaccostage
25-02-2020,T1,AH,W09,6142,KS,25-02-2020 23:30,Desaccostage
25-02-2020,T1,AH,W12,6230,KG,25-02-2020 00:30,Desaccostage
25-02-2020,T1,AH,W12,6012,JR,25-02-2020 06:40,Desaccostage
25-02-2020,T1,AH,W10C,6147,KB,25-02-2020 06:10,Desaccostage
25-02-2020,T1,AH,W10A,6212,KA,25-02-2020 07:33,Desaccostage
25-02-2020,T1,AH,W08,6231,KG,25-02-2020 08:40,Desaccostage
25-02-2020,T1,AH,W11A,6116,JH,25-02-2020 07:33,Desaccostage
25-02-2020,T1,AH,W10C,2050,KB,25-02-2020 08:35,Desaccostage
24-02-2020,T4,AF,W15,1554,HY,24-02-2020 10:35,Desaccostage
24-02-2020,T4,DTH,W23,3018,CF,24-02-2020 11:25,Desaccostage
24-02-2020,T4,ASL,W16,951,TD,24-02-2020 11:23,Desaccostage
24-02-2020,T4,BA,W17,2546,TU,24-02-2020 12:37,Desaccostage
24-02-2020,T4,LH,W15,1316,DT,24-02-2020 13:10,Desaccostage
24-02-2020,T4,AF,W14,1854,AB,24-02-2020 15:20,Desaccostage
24-02-2020,T4,AZ,W13,800,DD,24-02-2020 17:48,Desaccostage
24-02-2020,T4,TO,W18,4800,UE,24-02-2020 18:30,Desaccostage
25-02-2020,T4,VLG,W14,7991,KDX,25-02-2020 20:00,Desaccostage
25-02-2020,T4,AF,W15,1654,XC,25-02-2020 20:00,Desaccostage
25-02-2020,T4,VLG,W16,7474,MKX,25-02-2020 23:41,Desaccostage
25-02-2020,T4,AF,W14,1354,PG,25-02-2020 00:40,Desaccostage
25-02-2020,T4,AZ,W13,802,DT,25-02-2020 00:32,Desaccostage
25-02-2020,T4,LH,W16,1318,I,25-02-2020 02:25,Desaccostage
25-02-2020,T4,AF,W14,1355,PG,25-02-2020 05:46,Desaccostage
25-02-2020,T4,AZ,W13,803,DI,25-02-2020 05:24,Desaccostage
25-02-2020,T4,VLG,W15,7476,VKX,25-02-2020 08:48,Desaccostage
24-02-2020,T4,AH,W18,1044,JP,24-02-2020 09:30,Desaccostage
24-02-2020,T4,AH,W17,1000,KH,24-02-2020 10:35,Desaccostage
24-02-2020,T4,AH,W19,1074,JK,24-02-2020 10:24,Desaccostage
24-02-2020,T4,AH,W23A,2062,KE,24-02-2020 10:50,Desaccostage
24-02-2020,T4,AH,W24A,1009,KO,24-02-2020 11:45,Desaccostage
24-02-2020,T4,AH,W24C,2013,KA,24-02-2020 12:15,Desaccostage
24-02-2020,T4,AH,W25A,1231,KG,24-02-2020 14:55,Desaccostage
24-02-2020,T4,AH,W18,1023,KC,24-02-2020 14:20,Desaccostage
24-02-2020,T4,AH,W24A,3005,KS,24-02-2020 14:38,Desaccostage
24-02-2020,T4,AH,W23A,1045,JP,24-02-2020 15:10,Desaccostage
24-02-2020,T4,AH,W20,4063,JA,24-02-2020 15:40,Desaccostage
24-02-2020,T4,AH,W24A,2025,JR,24-02-2020 18:12,Desaccostage
24-02-2020,T4,AH,W24C,1217,KB,24-02-2020 16:50,Desaccostage
24-02-2020,T4,AH,W23C,2005,KA,24-02-2020 16:37,Desaccostage
24-02-2020,T4,AH,W21,1012,JX,24-02-2020 16:40,Desaccostage
24-02-2020,T4,AH,W25A,1001,KH,24-02-2020 18:35,Desaccostage
24-02-2020,T4,AH,W17,1025,JU,24-02-2020 17:47,Desaccostage
24-02-2020,T4,AH,W23A,2047,KO,24-02-2020 18:00,Desaccostage
24-02-2020,T4,AH,W16,2014,JM,24-02-2020 17:00,Desaccostage
24-02-2020,T4,AH,W21,1005,JC,24-02-2020 18:45,Desaccostage
24-02-2020,T4,AH,W23C,1021,RC,24-02-2020 19:20,Desaccostage
24-02-2020,T4,AH,W22,3017,KP,24-02-2020 19:30,Desaccostage
24-02-2020,T4,AH,W19,1230,JN,24-02-2020 19:46,Desaccostage
24-02-2020,T4,AH,W24C,1037,JL,24-02-2020 20:15,Desaccostage
25-02-2020,T4,AH,W22A,5324,KT,25-02-2020 20:20,Desaccostage
25-02-2020,T4,AH,W16,1215,JP,25-02-2020 22:15,Desaccostage
25-02-2020,T4,AH,W25B,1013,JX,25-02-2020 23:15,Desaccostage
25-02-2020,T4,AH,W22A,4015,KC,25-02-2020 04:10,Desaccostage
25-02-2020,T4,AH,W18,5325,KT,25-02-2020 04:50,Desaccostage
25-02-2020,T4,AH,W23C,1002,KK,25-02-2020 07:20,Desaccostage
25-02-2020,T4,AH,W24A,4000,JQ,25-02-2020 07:07,Desaccostage
25-02-2020,T4,AH,W24A,2012,KS,25-02-2020 07:03,Desaccostage
25-02-2020,T4,AH,W17,4039,KN,25-02-2020 09:29,Desaccostage
25-02-2020,T4,AH,W22C,3019,JP,25-02-2020 09:48,Desaccostage
25-02-2020,T4,AH,W18,4016,KT,25-02-2020 08:30,Desaccostage
25-02-2020,T4,AH,W25B,4012,JX,25-02-2020 09:37,Desaccostage
25-02-2020,T4,AH,W22A,1022,KC,25-02-2020 09:13,Desaccostage
25-02-2020,T4,AH,W24C,1074,JL,25-02-2020 10:45,Desaccostage
25-02-2020,T1,AH,W9,6110,KP,25-02-2020 09:50,Desaccostage
25-02-2020,T1,DTH,W10a,1918,CP,25-02-2020 10:05,Desaccostage
25-02-2020,T1,DTH,W11a,1803,CF,25-02-2020 11:05,Desaccostage
25-02-2020,T1,DTH,W12,1120,KD,25-02-2020 10:10,Desaccostage
25-02-2020,T1,DTH,W9,1919,CA,25-02-2020 14:50,Desaccostage
25-02-2020,T1,DTH,W10a,1125,CF,25-02-2020 17:20,Desaccostage
25-02-2020,T1,AH,W9,6236,JR,25-02-2020 17:25,Desaccostage
25-02-2020,T1,AH,W11,6213,KA,25-02-2020 18:40,Desaccostage
25-02-2020,T1,DTH,W10c,2122,CT,25-02-2020 18:15,Desaccostage
25-02-2020,T1,AH,W12,6006,JL,25-02-2020 18:10,Desaccostage
25-02-2020,T1,AH,W10a,6226,KC,25-02-2020 19:25,Desaccostage
26-02-2020,T1,AH,W9,6150,JQ,26-02-2020 19:45,Desaccostage
26-02-2020,T1,AH,W12,6148,JN,26-02-2020 22:10,Desaccostage
26-02-2020,T1,AH,W08,6237,JR,26-02-2020 00:25,Desaccostage
26-02-2020,T1,AH,W10C,6149,JN,26-02-2020 05:00,Desaccostage
26-02-2020,T1,AH,W10A,6151,JQ,26-02-2020 02:50,Desaccostage
26-02-2020,T1,AH,W02,6225,JU,26-02-2020 07:40,Desaccostage
26-02-2020,T1,AH,W10A,6100,JQ,26-02-2020 07:50,Desaccostage
26-02-2020,T1,AH,W08,6288,JR,26-02-2020 09:03,Desaccostage
25-02-2020,T1,TK,W02,653,YP,25-02-2020 10:58,Desaccostage
25-02-2020,T1,TU,W01,374,MR,25-02-2020 11:38,Desaccostage
25-02-2020,T1,AT,W04,560,OB,25-02-2020 12:45,Desaccostage
25-02-2020,T1,MS,W02,845,EM,25-02-2020 13:30,Desaccostage
25-02-2020,T1,UAE,W06,757,JQ,25-02-2020 15:30,Desaccostage
25-02-2020,T4,TO,W16,4800,VF,25-02-2020 09:13,Desaccostage
25-02-2020,T4,AF,W15,1554,XP,25-02-2020 10:25,Desaccostage
25-02-2020,T4,AF,W15,9454,HX,25-02-2020 12:58,Desaccostage
25-02-2020,T4,BAW,W16,2546,TU,25-02-2020 13:29,Desaccostage
25-02-2020,T4,VLG,W14,1338,MBS,25-02-2020 13:56,Desaccostage
25-02-2020,T4,AF,W15,1854,XC,25-02-2020 14:38,Desaccostage
25-02-2020,T4,AF,W16,1654,PG,25-02-2020 18:40,Desaccostage
26-02-2020,T4,VLG,W14,7991,KM,26-02-2020 20:00,Desaccostage
26-02-2020,T4,JA,W15,3444,SAO,26-02-2020 21:01,Desaccostage
26-02-2020,T4,AF,W16,1354,PH,26-02-2020 00:12,Desaccostage
26-02-2020,T4,LH,W17,1318,UE,26-02-2020 02:30,Desaccostage
26-02-2020,T4,NZ,W13,802,DH,26-02-2020 03:00,Desaccostage
26-02-2020,T4,AV,W16,1355,PH,26-02-2020 05:58,Desaccostage
26-02-2020,T4,AZ,W13,803,DH,26-02-2020 05:30,Desaccostage
26-02-2020,T4,VLG,W14,7396,MGC,26-02-2020 08:35,Desaccostage
26-02-2020,T4,VLG,W15,7476,MKV,26-02-2020 08:47,Desaccostage
25-02-2020,T4,AH,W23A,1036,KM,25-02-2020 09:35,Desaccostage
25-02-2020,T4,AH,W18,1025,JU,25-02-2020 10:25,Desaccostage
25-02-2020,T4,AH,W23C,1016,JK,25-02-2020 10:06,Desaccostage
25-02-2020,T4,AH,W21,1000,JC,25-02-2020 10:49,Desaccostage
25-02-2020,T4,AH,W19,2054,KQ,25-02-2020 10:27,Desaccostage
25-02-2020,T4,AH,W24a,2006,KL,25-02-2020 10:05,Desaccostage
25-02-2020,T4,AH,W21,1004,JA,25-02-2020 12:06,Desaccostage
25-02-2020,T4,AH,W17,1009,KH,25-02-2020 13:22,Desaccostage
25-02-2020,T4,AH,W23a,4001,JQ,25-02-2020 12:06,Desaccostage
25-02-2020,T4,AH,W16,2013,KS,25-02-2020 11:40,Desaccostage
25-02-2020,T4,AH,W21,1000,JC,25-02-2020 11:32,Desaccostage
25-02-2020,T4,AH,W25b,2700,JV,25-02-2020 13:05,Desaccostage
25-02-2020,T4,AH,W24a,1023,KC,25-02-2020 14:20,Desaccostage
25-02-2020,T4,AH,W18,1003,KK,25-02-2020 15:28,Desaccostage
25-02-2020,T4,AH,W21a,1037,KM,25-02-2020 17:50,Desaccostage
25-02-2020,T4,AH,W17,2007,KL,25-02-2020 16:45,Desaccostage
25-02-2020,T4,AH,W19,2025,JU,25-02-2020 16:25,Desaccostage
25-02-2020,T4,AH,W22c,1011,KN,25-02-2020 18:54,Desaccostage
25-02-2020,T4,AH,W16,1217,JK,25-02-2020 17:02,Desaccostage
25-02-2020,T4,AH,W23a,4017,KT,25-02-2020 18:00,Desaccostage
25-02-2020,T4,AH,W21,1001,JC,25-02-2020 18:00,Desaccostage
25-02-2020,T4,AH,W17,2055,KQ,25-02-2020 20:05,Desaccostage
25-02-2020,T4,AH,W20,1005,JA,25-02-2020 22:40,Desaccostage
26-02-2020,T4,AH,W25c,3017,JP,26-02-2020 20:45,Desaccostage
26-02-2020,T4,AH,W19,5010,KG,26-02-2020 20:17,Desaccostage
26-02-2020,T4,AH,W24c,2005,KS,26-02-2020 19:50,Desaccostage
26-02-2020,T4,AH,W23c,2015,JL,26-02-2020 21:35,Desaccostage
26-02-2020,T4,AH,W18,1507,KK,26-02-2020 23:00,Desaccostage
26-02-2020,T4,AH,W24a,1013,KL,26-02-2020 23:15,Desaccostage
26-02-2020,T1,DTH,W11A,1120,CF,26-02-2020 09:10,Desaccostage
26-02-2020,T1,DTH,W12,1805,CT,26-02-2020 12:33,Desaccostage
26-02-2020,T1,DTH,W08,1961,CA,26-02-2020 12:30,Desaccostage
26-02-2020,T1,DTH,W09,2115,CV,26-02-2020 17:33,Desaccostage
26-02-2020,T1,DTH,W12,1123,CD,26-02-2020 16:50,Desaccostage
26-02-2020,T1,AH,W11,6222,KC,26-02-2020 17:50,Desaccostage
26-02-2020,T1,DTH,W08,1919,CA,26-02-2020 18:40,Desaccostage
26-02-2020,T1,DTH,W12,1119,CF,26-02-2020 19:59,Desaccostage
26-02-2020,T1,AH,W10C,6010,KM,26-02-2020 18:55,Desaccostage
26-02-2020,T1,AH,W10A,6026,KN,26-02-2020 18:38,Desaccostage
26-02-2020,T1,AH,W11A,6234,KT,26-02-2020 19:50,Desaccostage
27-02-2020,T1,AH,W09,2106,KS,27-02-2020 20:30,Desaccostage
27-02-2020,T1,AH,W12,6272,JM,27-02-2020 23:30,Desaccostage
27-02-2020,T1,AH,W10A,6103,JQ,27-02-2020 22:40,Desaccostage
27-02-2020,T1,AH,W10C,2146,JR,27-02-2020 06:00,Desaccostage
27-02-2020,T1,AH,W09,6024,JK,27-02-2020 06:05,Desaccostage
27-02-2020,T1,AH,W10A,6294,JQ,27-02-2020 07:20,Desaccostage
27-02-2020,T1,AH,W08,6116,JL,27-02-2020 07:35,Desaccostage
27-02-2020,T1,AH,W11,6292,JM,27-02-2020 08:30,Desaccostage
26-02-2020,T1,TK,W02,653,JVH,26-02-2020 10:55,Desaccostage
26-02-2020,T1,RAN,W04,560,OJ,26-02-2020 13:00,Desaccostage
26-02-2020,T1,MS,W02,845,JEL,26-02-2020 13:25,Desaccostage
26-02-2020,T1,BJ,W01,130,NO,26-02-2020 14:15,Desaccostage
26-02-2020,T1,EK,W06B,757,GS,26-02-2020 15:30,Desaccostage
26-02-2020,T1,QTR,W04B,1379,CF,26-02-2020 15:30,Desaccostage
26-02-2020,T1,TVN,W02,338,MW,26-02-2020 15:50,Desaccostage
26-02-2020,T1,TK,W03B,651,JIP,26-02-2020 16:40,Desaccostage
27-02-2020,T1,TK,W02,655,JSA,27-02-2020 02:40,Desaccostage
27-02-2020,T1,SV,W06B,3359,CN,27-02-2020 07:20,Desaccostage
26-02-2020,T4,LH,W16,1316,CK,26-02-2020 12:52,Desaccostage
26-02-2020,T4,BAW,W14,2546,TU,26-02-2020 13:20,Desaccostage
26-02-2020,T4,AF,W15,1854,XP,26-02-2020 14:50,Desaccostage
26-02-2020,T4,VLG,W14,6338,MJB,26-02-2020 15:54,Desaccostage
26-02-2020,T4,AZ,W13,800,CD,26-02-2020 17:56,Desaccostage
26-02-2020,T4,AF,W15,1654,PH,26-02-2020 18:45,Desaccostage
27-02-2020,T4,VLG,W14,7991,BE,27-02-2020 21:35,Desaccostage
27-02-2020,T4,AF,W15,1354,BF,27-02-2020 00:05,Desaccostage
27-02-2020,T4,AZ,W13,802,DI,27-02-2020 00:55,Desaccostage
27-02-2020,T4,AF,W15,1355,PF,27-02-2020 05:50,Desaccostage
27-02-2020,T4,AZ,W13,803,DJ,27-02-2020 05:35,Desaccostage
27-02-2020,T4,VLG,W14,7396,CU,27-02-2020 08:35,Desaccostage
26-02-2020,T4,AH,W24C,2028,KS,26-02-2020 09:00,Desaccostage
26-02-2020,T4,AH,W23C,3016,JK,26-02-2020 09:59,Desaccostage
26-02-2020,T4,AH,W19,1010,KJ,26-02-2020 09:15,Desaccostage
26-02-2020,T4,AH,W21,1036,JX,26-02-2020 09:30,Desaccostage
26-02-2020,T4,AH,W22C,2070,KA,26-02-2020 10:13,Desaccostage
26-02-2020,T4,AH,W25,2026,KC,26-02-2020 10:20,Desaccostage
26-02-2020,T4,AH,W24A,1000,KL,26-02-2020 10:30,Desaccostage
26-02-2020,T4,AH,W18,1216,JL,26-02-2020 10:10,Desaccostage
26-02-2020,T4,AH,W22A,2062,KQ,26-02-2020 10:10,Desaccostage
26-02-2020,T4,AH,W17,1009,KN,26-02-2020 11:10,Desaccostage
26-02-2020,T4,AH,W21,1004,JC,26-02-2020 12:05,Desaccostage
26-02-2020,T4,AH,W18,1214,KK,26-02-2020 13:30,Desaccostage
26-02-2020,T4,AH,W19,2004,JU,26-02-2020 12:23,Desaccostage
26-02-2020,T4,AH,W22,1023,KT,26-02-2020 14:15,Desaccostage
26-02-2020,T4,AH,W22C,1003,JP,26-02-2020 14:55,Desaccostage
26-02-2020,T4,AH,W23A,1231,KH,26-02-2020 18:23,Desaccostage
26-02-2020,T4,AH,W19,1034,JR,26-02-2020 16:08,Desaccostage
26-02-2020,T4,AH,W20,4031,JU,26-02-2020 18:00,Desaccostage
26-02-2020,T4,AH,W21B,4063,JA,26-02-2020 16:00,Desaccostage
26-02-2020,T4,AH,W25C,1011,KJ,26-02-2020 15:45,Desaccostage
26-02-2020,T4,AH,W24C,1217,JL,26-02-2020 16:45,Desaccostage
26-02-2020,T4,AH,W24A,2005,JU,26-02-2020 16:50,Desaccostage
26-02-2020,T4,AH,W23C,2014,JM,26-02-2020 16:53,Desaccostage
26-02-2020,T4,AH,W22A,2063,KQ,26-02-2020 17:50,Desaccostage
26-02-2020,T4,AH,W25A,4039,KG,26-02-2020 19:20,Desaccostage
26-02-2020,T4,AH,W25C,4014,KJ,26-02-2020 18:58,Desaccostage
26-02-2020,T4,AH,W20,1005,JC,26-02-2020 18:40,Desaccostage
26-02-2020,T4,AH,W22C,3017,JK,26-02-2020 19:35,Desaccostage
26-02-2020,T4,AH,W17,5318,JN,26-02-2020 20:00,Desaccostage
27-02-2020,T4,AH,W24A,1215,KK,27-02-2020 22:12,Desaccostage
27-02-2020,T4,AH,W18,4003,JU,27-02-2020 21:20,Desaccostage
27-02-2020,T4,AH,W17,5323,KQ,27-02-2020 03:15,Desaccostage
27-02-2020,T4,AH,W16,4000,JO,27-02-2020 07:02,Desaccostage
27-02-2020,T4,AH,W17,1002,KQ,27-02-2020 07:20,Desaccostage
27-02-2020,T4,AH,W18,2012,JU,27-02-2020 07:00,Desaccostage
27-02-2020,T4,AH,W22C,5319,JN,27-02-2020 06:45,Desaccostage
27-02-2020,T4,AH,W22C,1036,JN,27-02-2020 09:48,Desaccostage
27-02-2020,T4,AH,W19,3016,KB,27-02-2020 09:50,Desaccostage
27-02-2020,T1,DTH,W08,1850,CE,27-02-2020 10:45,Desaccostage
27-02-2020,T1,DTH,W09,1909,CA,27-02-2020 10:00,Desaccostage
27-02-2020,T1,DTH,W11A,2111,CD,27-02-2020 11:05,Desaccostage
27-02-2020,T1,AH,W10B,6102,JW,27-02-2020 12:10,Desaccostage
27-02-2020,T1,AH,W12,6147,JA,27-02-2020 12:00,Desaccostage
27-02-2020,T1,DTH,W09,1840,CB,27-02-2020 15:15,Desaccostage
27-02-2020,T1,AH,W12,6052,JA,27-02-2020 15:20,Desaccostage
27-02-2020,T1,AH,W08,1321,CF,27-02-2020 15:30,Desaccostage
27-02-2020,T1,AH,W09,6284,JQ,27-02-2020 18:40,Desaccostage
27-02-2020,T1,AH,W12,6053,JR,27-02-2020 18:55,Desaccostage
27-02-2020,T1,DTH,W11A,1802,CD,27-02-2020 18:05,Desaccostage
28-02-2020,T1,AH,W09,6106,KJ,28-02-2020 20:50,Desaccostage
28-02-2020,T1,AH,W08,6001,JA,28-02-2020 23:20,Desaccostage
28-02-2020,T1,AH,W10A,6310,KB,28-02-2020 23:15,Desaccostage
28-02-2020,T1,AH,W11A,6142,KC,28-02-2020 23:20,Desaccostage
28-02-2020,T1,AH,W10C,6230,JN,28-02-2020 00:13,Desaccostage
28-02-2020,T1,AH,W12,2334,KN,28-02-2020 07:40,Desaccostage
27-02-2020,T1,TK,W02,653,JVC,27-02-2020 10:45,Desaccostage
27-02-2020,T1,AT,W04,560,OR,27-02-2020 13:10,Desaccostage
27-02-2020,T1,MS,W01,845,JEK,27-02-2020 13:35,Desaccostage
27-02-2020,T1,IK,W06B,757,EGN,27-02-2020 15:43,Desaccostage
27-02-2020,T1,QR,W04,1379,CZ,27-02-2020 15:50,Desaccostage
27-02-2020,T1,RJ,W02,517,AYS,27-02-2020 15:10,Desaccostage
27-02-2020,T1,TU,W01,374,MW,27-02-2020 15:44,Desaccostage
27-02-2020,T1,TK,W03B,651,LOA,27-02-2020 16:45,Desaccostage
28-02-2020,T1,TK,W01,655,JRD,28-02-2020 02:35,Desaccostage
27-02-2020,T1,TU,W02,610,MO,27-02-2020 18:00,Desaccostage
27-02-2020,T4,TO,W14,4680,VA,27-02-2020 09:20,Desaccostage
27-02-2020,T4,VLG,W15,7476,MKV,27-02-2020 09:50,Desaccostage
27-02-2020,T4,AF,W14,1554,XJ,27-02-2020 10:28,Desaccostage
27-02-2020,T4,DTH,W27A,3018,CT,27-02-2020 10:14,Desaccostage
27-02-2020,T4,AF,W15,9454,HI,27-02-2020 11:52,Desaccostage
27-02-2020,T4,LH,W14,1316,PP,27-02-2020 13:20,Desaccostage
27-02-2020,T4,BA,W16,2546,TE,27-02-2020 13:25,Desaccostage
27-02-2020,T4,VLG,W15,7338,MKO,27-02-2020 13:40,Desaccostage
27-02-2020,T4,AF,W17,1854,HV,27-02-2020 14:48,Desaccostage
27-02-2020,T4,AZ,W13,800,DE,27-02-2020 17:50,Desaccostage
27-02-2020,T4,AF,W14,1653,XT,27-02-2020 18:40,Desaccostage
28-02-2020,T4,JAF,W16,2401,CAO,28-02-2020 20:33,Desaccostage
28-02-2020,T4,VLG,W15,7991,LOC,28-02-2020 20:15,Desaccostage
28-02-2020,T4,TO,W17,4800,VG,28-02-2020 23:00,Desaccostage
28-02-2020,T4,AF,W15,1354,PG,28-02-2020 00:50,Desaccostage
28-02-2020,T4,AZ,W13,802,NB,28-02-2020 00:55,Desaccostage
28-02-2020,T4,AZ,W13,803,NB,28-02-2020 05:15,Desaccostage
28-02-2020,T4,AF,W15,1355,PG,28-02-2020 05:56,Desaccostage
28-02-2020,T4,VLG,W14,7396,KCE,28-02-2020 08:20,Desaccostage
27-02-2020,T4,AH,W18,1044,KS,27-02-2020 09:40,Desaccostage
27-02-2020,T4,AH,W21,1000,JX,27-02-2020 10:45,Desaccostage
27-02-2020,T4,AH,W25,1074,JK,27-02-2020 10:30,Desaccostage
27-02-2020,T4,AH,W24C,2006,KC,27-02-2020 09:48,Desaccostage
27-02-2020,T4,AH,W17,1010,KI,27-02-2020 09:53,Desaccostage
27-02-2020,T4,AH,W23A,1009,KH,27-02-2020 11:41,Desaccostage
27-02-2020,T4,AH,W20B,1004,JC,27-02-2020 12:06,Desaccostage
27-02-2020,T4,AH,W23C,2024,KA,27-02-2020 10:18,Desaccostage
27-02-2020,T4,AH,W17,2013,JU,27-02-2020 11:52,Desaccostage
27-02-2020,T4,AH,W24A,1025,KL,27-02-2020 11:10,Desaccostage
27-02-2020,T4,AH,W21B,2700,JV,27-02-2020 13:08,Desaccostage
27-02-2020,T4,AH,W18,1231,KG,27-02-2020 13:00,Desaccostage
27-02-2020,T4,AH,W23A,1023,KK,27-02-2020 14:30,Desaccostage
27-02-2020,T4,AH,W22A,1045,KS,27-02-2020 15:23,Desaccostage
27-02-2020,T4,AH,W22C,2007,KC,27-02-2020 17:20,Desaccostage
27-02-2020,T4,AH,W24C,1003,KG,27-02-2020 15:10,Desaccostage
27-02-2020,T4,AH,W24A,1006,KL,27-02-2020 15:37,Desaccostage
27-02-2020,T4,AH,W18,4065,JP,27-02-2020 16:44,Desaccostage
27-02-2020,T4,AH,W16,2005,JU,27-02-2020 17:25,Desaccostage
27-02-2020,T4,AH,W23A,2025,KA,27-02-2020 17:35,Desaccostage
27-02-2020,T4,AH,W15,1011,KI,27-02-2020 17:00,Desaccostage
27-02-2020,T4,AH,W22A,1075,JK,27-02-2020 17:45,Desaccostage
27-02-2020,T4,AH,W17,2047,KH,27-02-2020 19:38,Desaccostage
27-02-2020,T4,AH,W24C,1008,KQ,27-02-2020 18:36,Desaccostage
27-02-2020,T4,AH,W14,1037,JN,27-02-2020 16:50,Desaccostage
27-02-2020,T4,AH,W23C,4017,KT,27-02-2020 18:28,Desaccostage
27-02-2020,T4,AH,W18,1021,KK,27-02-2020 20:45,Desaccostage
27-02-2020,T4,AH,W21B,1005,JC,27-02-2020 22:49,Desaccostage
28-02-2020,T4,AH,W22C,1041,KS,28-02-2020 20:20,Desaccostage
28-02-2020,T4,AH,W22A,1007,KL,28-02-2020 22:15,Desaccostage
28-02-2020,T4,AH,W19,3018,KD,28-02-2020 23:00,Desaccostage
28-02-2020,T4,AH,W24A,1013,JP,28-02-2020 22:55,Desaccostage
28-02-2020,T4,AH,W24C,5327,KI,28-02-2020 03:30,Desaccostage
28-02-2020,T4,AH,W22A,1002,KL,28-02-2020 07:15,Desaccostage
28-02-2020,T4,AH,W22C,4000,KS,28-02-2020 07:00,Desaccostage
28-02-2020,T4,AH,W19,3019,KD,28-02-2020 09:15,Desaccostage
28-02-2020,T4,AH,W23A,4038,KA,28-02-2020 08:40,Desaccostage
28-02-2020,T4,AH,W24C,1022,KI,28-02-2020 08:55,Desaccostage
28-02-2020,T4,AH,W25A,1074,JR,28-02-2020 08:20,Desaccostage
28-02-2020,T4,AH,W24A,1036,JP,28-02-2020 10:30,Desaccostage
28-02-2020,T4,AH,W18,5011,KK,28-02-2020 09:15,Desaccostage
28-02-2020,T1,DTH,W09,1803,CD,28-02-2020 12:40,Desaccostage
28-02-2020,T1,DTH,W08,2382,CA,28-02-2020 11:00,Desaccostage
28-02-2020,T1,DTH,W10C,1841,CB,28-02-2020 18:10,Desaccostage
28-02-2020,T1,AH,W12,6244,JQ,28-02-2020 16:25,Desaccostage
28-02-2020,T1,AH,W08,6335,KT,28-02-2020 18:15,Desaccostage
28-02-2020,T1,DTH,W10A,1900,CC,28-02-2020 18:00,Desaccostage
28-02-2020,T1,AH,W11A,6112,KQ,28-02-2020 18:50,Desaccostage
28-02-2020,T1,AH,W12,6006,KO,28-02-2020 18:50,Desaccostage
28-02-2020,T1,AH,W09,2026,KA,28-02-2020 19:00,Desaccostage
29-02-2020,T1,DTH,W08,2383,CA,29-02-2020 19:40,Desaccostage
29-02-2020,T1,AH,W10A,6245,JQ,29-02-2020 21:55,Desaccostage
29-02-2020,T1,AH,W12,6106,KK,29-02-2020 22:00,Desaccostage
29-02-2020,T1,AH,W09,6146,JN,29-02-2020 23:45,Desaccostage
29-02-2020,T1,AH,W12,6147,JN,29-02-2020 05:30,Desaccostage
29-02-2020,T1,DTH,W08,2320,CA,29-02-2020 06:55,Desaccostage
29-02-2020,T1,AH,W10A,6100,JQ,29-02-2020 07:10,Desaccostage
29-02-2020,T1,AH,W09,6212,JM,29-02-2020 07:50,Desaccostage
29-02-2020,T1,AH,W10C,6040,JL,29-02-2020 08:30,Desaccostage
29-02-2020,T1,AH,W12,6050,JN,29-02-2020 08:20,Desaccostage
28-02-2020,T1,TK,W01,653,JVP,28-02-2020 10:52,Desaccostage
28-02-2020,T1,RAM,W03B,560,GZ,28-02-2020 13:02,Desaccostage
28-02-2020,T1,MS,W01,845,GEK,28-02-2020 13:22,Desaccostage
28-02-2020,T1,UAE,W06,757,VJ,28-02-2020 15:17,Desaccostage
28-02-2020,T1,TU,W02,338,MH,28-02-2020 13:56,Desaccostage
28-02-2020,T1,QTR,W04B,1379,CI,28-02-2020 15:42,Desaccostage
28-02-2020,T1,TK,W03B,651,JWA,28-02-2020 18:22,Desaccostage
29-02-2020,T1,TK,W02,655,JCL,29-02-2020 02:00,Desaccostage
28-02-2020,T4,VLG,W15,7476,BD,28-02-2020 09:30,Desaccostage
28-02-2020,T4,AF,W14,1554,XR,28-02-2020 10:39,Desaccostage
28-02-2020,T4,ASL,W15,951,QT,28-02-2020 11:14,Desaccostage
28-02-2020,T4,BA,W17,2546,TU,28-02-2020 12:00,Desaccostage
28-02-2020,T4,HZ,W13,800,NB,28-02-2020 11:50,Desaccostage
28-02-2020,T4,LH,W25A,1316,ED,28-02-2020 13:26,Desaccostage
28-02-2020,T4,AF,W15,1854,PA,28-02-2020 15:55,Desaccostage
28-02-2020,T4,DTH,W18,3012,CF,28-02-2020 17:10,Desaccostage
29-02-2020,T4,VLG,W16,7991,NBK,29-02-2020 21:15,Desaccostage
29-02-2020,T4,VLG,W16,7474,MKV,29-02-2020 00:15,Desaccostage
29-02-2020,T4,AF,W17,1354,XI,29-02-2020 01:28,Desaccostage
29-02-2020,T4,AZ,W13,802,DK,29-02-2020 00:35,Desaccostage
29-02-2020,T4,AF,W17,1355,XI,29-02-2020 06:00,Desaccostage
29-02-2020,T4,AZ,W13,803,DK,29-02-2020 05:22,Desaccostage
29-02-2020,T4,VLG,W17,7475,NGB,29-02-2020 08:12,Desaccostage
29-02-2020,T4,VLG,W18,7396,KCV,29-02-2020 08:10,Desaccostage
28-02-2020,T4,AH,W25C,2006,KB,28-02-2020 10:03,Desaccostage
28-02-2020,T4,AH,W23C,3016,RC,28-02-2020 10:05,Desaccostage
28-02-2020,T4,AH,W21,4012,JX,28-02-2020 09:55,Desaccostage
28-02-2020,T4,AH,W20,2702,JZ,28-02-2020 09:30,Desaccostage
28-02-2020,T4,AH,W17,1216,JN,28-02-2020 10:15,Desaccostage
28-02-2020,T4,AH,W22B,1000,JY,28-02-2020 11:00,Desaccostage
28-02-2020,T4,AH,W23A,1025,JU,28-02-2020 11:05,Desaccostage
28-02-2020,T4,AH,W25A,2026,JQ,28-02-2020 10:40,Desaccostage
28-02-2020,T4,AH,W19,1190,JO,28-02-2020 11:15,Desaccostage
28-02-2020,T4,AH,W24C,1009,KQ,28-02-2020 11:05,Desaccostage
28-02-2020,T4,AH,W16,2054,KS,28-02-2020 10:33,Desaccostage
28-02-2020,T4,AH,W20,1004,JV,28-02-2020 12:03,Desaccostage
28-02-2020,T4,AH,W24A,4001,KS,28-02-2020 11:45,Desaccostage
28-02-2020,T4,AH,W25C,1231,KH,28-02-2020 13:43,Desaccostage
28-02-2020,T4,AH,W22C,1023,KI,28-02-2020 14:20,Desaccostage
28-02-2020,T4,AH,W22A,1003,KL,28-02-2020 17:50,Desaccostage
28-02-2020,T4,AH,W23C,2005,TSU,28-02-2020 16:00,Desaccostage
28-02-2020,T4,AH,W23A,2007,KB,28-02-2020 15:33,Desaccostage
28-02-2020,T4,AH,W17,1006,KF,28-02-2020 14:43,Desaccostage
28-02-2020,T4,AH,W24A,1037,JP,28-02-2020 16:30,Desaccostage
28-02-2020,T4,AH,W20,1463,JCL,28-02-2020 15:25,Desaccostage
28-02-2020,T4,AH,W24,1011,KK,28-02-2020 17:00,Desaccostage
28-02-2020,T4,AH,W21,1034,JAI,28-02-2020 16:04,Desaccostage
28-02-2020,T4,AH,W16,2047,KS,28-02-2020 16:00,Desaccostage
28-02-2020,T4,AH,W24A,2063,KE,28-02-2020 18:55,Desaccostage
28-02-2020,T4,AH,W25C,1191,JO,28-02-2020 16:55,Desaccostage
28-02-2020,T4,AH,W25A,1217,JT,28-02-2020 16:50,Desaccostage
28-02-2020,T4,AH,W21,1005,JV,28-02-2020 18:40,Desaccostage
28-02-2020,T4,AH,W23A,1021,KI,28-02-2020 19:28,Desaccostage
28-02-2020,T4,AH,W25,3017,KC,28-02-2020 19:56,Desaccostage
28-02-2020,T4,AH,W17,1215,KH,28-02-2020 20:33,Desaccostage
29-02-2020,T4,AH,W22A,5324,JL,29-02-2020 20:37,Desaccostage
29-02-2020,T4,AH,W24A,4003,JP,29-02-2020 20:20,Desaccostage
29-02-2020,T4,AH,W22C,1071,KD,29-02-2020 20:35,Desaccostage
29-02-2020,T4,AH,W20,4062,JC,29-02-2020 22:35,Desaccostage
29-02-2020,T4,AH,W21,3018,JV,29-02-2020 22:15,Desaccostage
29-02-2020,T4,AH,W24C,1075,JR,29-02-2020 22:15,Desaccostage
29-02-2020,T4,AH,W23A,1007,KF,29-02-2020 22:05,Desaccostage
29-02-2020,T4,AH,W23C,1013,JO,29-02-2020 23:20,Desaccostage
29-02-2020,T4,AH,W16,5323,KS,29-02-2020 02:45,Desaccostage
29-02-2020,T4,AH,W20B,2730,JZ,29-02-2020 04:11,Desaccostage
29-02-2020,T4,AH,W23C,4000,JO,29-02-2020 07:00,Desaccostage
29-02-2020,T4,AH,W13A,1002,KF,29-02-2020 07:03,Desaccostage
29-02-2020,T4,AH,W15,5011,KH,29-02-2020 06:50,Desaccostage
29-02-2020,T4,AH,W14,5319,KC,29-02-2020 06:40,Desaccostage
29-02-2020,T4,AH,W21,3019,JV,29-02-2020 12:47,Desaccostage
29-02-2020,T4,AH,W24A,1022,JP,29-02-2020 09:12,Desaccostage
29-02-2020,T4,AH,W22A,1010,KV,29-02-2020 08:58,Desaccostage
29-02-2020,T4,AH,W16,2028,KS,29-02-2020 09:38,Desaccostage
29-02-2020,T4,AH,W15,1036,KH,29-02-2020 09:28,Desaccostage
29-02-2020,T4,AH,W14,2006,KC,29-02-2020 09:32,Desaccostage
29-02-2020,T1,DTH,W11,1326,CF,29-02-2020 09:05,Desaccostage
29-02-2020,T1,DTH,W09,1840,CT,29-02-2020 10:50,Desaccostage
29-02-2020,T1,DTH,W11,1937,CD,29-02-2020 13:45,Desaccostage
29-02-2020,T1,DTH,W08,2340,CD,29-02-2020 15:35,Desaccostage
29-02-2020,T1,DTH,W09,1905,CC,29-02-2020 17:50,Desaccostage
29-02-2020,T1,DTH,W11,1802,CD,29-02-2020 17:45,Desaccostage
29-02-2020,T1,AH,W12,6025,JU,29-02-2020 17:55,Desaccostage
29-02-2020,T1,AH,W08,6051,JN,29-02-2020 19:50,Desaccostage
29-02-2020,T1,AH,W10A,6000,KQ,29-02-2020 19:20,Desaccostage
30-02-2020,T1,AH,W12,6238,KP,30-02-2020 22:10,Desaccostage
30-02-2020,T1,AH,W10C,6146,JP,30-02-2020 23:55,Desaccostage
30-02-2020,T1,AH,W11A,6142,KT,30-02-2020 23:45,Desaccostage
30-02-2020,T1,AH,W09,6106,KH,30-02-2020 23:35,Desaccostage
30-02-2020,T1,AH,W08,6292,JR,30-02-2020 23:10,Desaccostage
30-02-2020,T1,AH,W08,6147,JP,30-02-2020 06:00,Desaccostage
30-02-2020,T1,AH,W10A,6212,JM,30-02-2020 07:05,Desaccostage
30-02-2020,T1,AH,W08,6050,JP,30-02-2020 08:30,Desaccostage
30-02-2020,T1,AH,W09,6040,KE,30-02-2020 09:25,Desaccostage
29-02-2020,T1,TK,W02,653,JHP,29-02-2020 10:48,Desaccostage
29-02-2020,T1,AT,W03B,560,GZ,29-02-2020 12:53,Desaccostage
29-02-2020,T1,MS,W02,845,GEC,29-02-2020 13:47,Desaccostage
29-02-2020,T1,UAE,W06,757,PM,29-02-2020 15:25,Desaccostage
29-02-2020,T1,RJA,W01,517,AYC,29-02-2020 14:50,Desaccostage
29-02-2020,T1,QTR,W04,1379,CP,29-02-2020 15:38,Desaccostage
29-02-2020,T1,TK,W03B,651,JOH,29-02-2020 16:25,Desaccostage
30-02-2020,T1,TU,W01,374,MR,30-02-2020 23:58,Desaccostage
30-02-2020,T1,TK,W01,655,JSB,30-02-2020 02:29,Desaccostage
29-02-2020,T4,TO,W23C,4800,HD,29-02-2020 09:00,Desaccostage
29-02-2020,T4,AF,W17,1554,XS,29-02-2020 10:30,Desaccostage
29-02-2020,T4,ASL,W16,951,TD,29-02-2020 11:30,Desaccostage
29-02-2020,T4,LH,W17,1316,UP,29-02-2020 13:02,Desaccostage
29-02-2020,T4,AF,W17,1854,XM,29-02-2020 14:55,Desaccostage
29-02-2020,T4,AF,W15,9454,HE,29-02-2020 17:10,Desaccostage
29-02-2020,T4,AZ,W13,800,DK,29-02-2020 17:40,Desaccostage
29-02-2020,T4,AF,W17,1654,XI,29-02-2020 18:50,Desaccostage
30-02-2020,T4,VLG,W15,7991,UN,30-02-2020 20:30,Desaccostage
30-02-2020,T4,VLG,W14,7338,MKO,30-02-2020 22:20,Desaccostage
30-02-2020,T4,VLG,W15,7474,MKX,30-02-2020 22:55,Desaccostage
30-02-2020,T4,NZ,W13,803,DK,30-02-2020 00:25,Desaccostage
30-02-2020,T4,CH,W17,1318,UK,30-02-2020 02:35,Desaccostage
30-02-2020,T4,NV,W16,1354,KH,30-02-2020 01:40,Desaccostage
30-02-2020,T4,NV,W16,1355,KP,30-02-2020 05:55,Desaccostage
30-02-2020,T4,NZ,W13,803,DK,30-02-2020 05:17,Desaccostage
30-02-2020,T4,VLG,W16,7396,KCU,30-02-2020 08:05,Desaccostage
29-02-2020,T4,AH,W22C,1046,KA,29-02-2020 09:15,Desaccostage
29-02-2020,T4,AH,W25C,1040,KT,29-02-2020 09:23,Desaccostage
29-02-2020,T4,AH,W24C,2024,JK,29-02-2020 10:15,Desaccostage
29-02-2020,T4,AH,W25A,2054,KQ,29-02-2020 10:23,Desaccostage
29-02-2020,T4,AH,W23A,1000,KJ,29-02-2020 10:15,Desaccostage
29-02-2020,T4,AH,W15,1009,KE,29-02-2020 11:52,Desaccostage
29-02-2020,T4,AH,W22B,1004,JB,29-02-2020 11:58,Desaccostage
29-02-2020,T4,AH,W14,4001,JO,29-02-2020 13:15,Desaccostage
29-02-2020,T4,AH,W20,2700,JZ,29-02-2020 12:46,Desaccostage
29-02-2020,T4,AH,W15,1023,JP,29-02-2020 14:21,Desaccostage
29-02-2020,T4,AH,W16,1045,KA,29-02-2020 14:38,Desaccostage
29-02-2020,T4,AH,W23A,2007,KC,29-02-2020 15:15,Desaccostage
29-02-2020,T4,AH,W22A,1037,KH,29-02-2020 16:00,Desaccostage
29-02-2020,T4,AH,W15,1003,KF,29-02-2020 15:30,Desaccostage
29-02-2020,T4,AH,W21,4063,JC,29-02-2020 15:30,Desaccostage
29-02-2020,T4,AH,W14,2025,JR,29-02-2020 17:14,Desaccostage
29-02-2020,T4,AH,W22C,1011,KB,29-02-2020 16:40,Desaccostage
29-02-2020,T4,AH,W23C,1012,JM,29-02-2020 17:30,Desaccostage
29-02-2020,T4,AH,W16,1001,KL,29-02-2020 18:25,Desaccostage
29-02-2020,T4,AH,W18,2047,KE,29-02-2020 18:06,Desaccostage
29-02-2020,T4,AH,W14,4003,KA,29-02-2020 19:15,Desaccostage
29-02-2020,T4,AH,W20,1005,JB,29-02-2020 19:00,Desaccostage
29-02-2020,T4,AH,W22C,2029,KS,29-02-2020 19:33,Desaccostage
30-02-2020,T4,AH,W25B,1074,JV,30-02-2020 19:40,Desaccostage
30-02-2020,T4,AH,W23A,1215,JO,30-02-2020 22:20,Desaccostage
30-02-2020,T4,AH,W24A,5010,JL,30-02-2020 20:45,Desaccostage
30-02-2020,T4,AH,W22A,1007,KF,30-02-2020 23:36,Desaccostage
30-02-2020,T4,AH,W20,1002,JB,30-02-2020 08:35,Desaccostage
30-02-2020,T4,AH,W21C,2012,KT,30-02-2020 07:50,Desaccostage
30-02-2020,T4,AH,W22C,4016,KS,30-02-2020 08:30,Desaccostage
30-02-2020,T4,AH,W22A,1010,KF,30-02-2020 09:00,Desaccostage
30-02-2020,T4,AH,W23,1022,JK,30-02-2020 09:13,Desaccostage